image_name,hair
ISIC_0052212,0
ISIC_0074268,0
ISIC_0074311,0
ISIC_0075663,0
ISIC_0075914,0
ISIC_0076262,0
ISIC_0076545,0
ISIC_0076995,0
ISIC_0077472,0
ISIC_0077735,0
ISIC_0078703,0
ISIC_0079038,0
ISIC_0081956,0
ISIC_0082543,0
ISIC_0084086,0
ISIC_0084270,0
ISIC_0084395,0
ISIC_0085172,0
ISIC_0085718,0
ISIC_0086349,0
ISIC_0086462,0
ISIC_0086632,0
ISIC_0087290,0
ISIC_0087297,0
ISIC_0088137,0
ISIC_0088489,0
ISIC_0089401,0
ISIC_0089569,0
ISIC_0089738,0
ISIC_0090279,0
ISIC_0091559,0
ISIC_0091996,0
ISIC_0092870,0
ISIC_0094755,0
ISIC_0094775,0
ISIC_0095805,0
ISIC_0096201,0
ISIC_0096227,0
ISIC_0096328,0
ISIC_0097499,0
ISIC_0097500,0
ISIC_0097997,0
ISIC_0098198,0
ISIC_0098784,0
ISIC_0099546,0
ISIC_0100550,0
ISIC_0103298,0
ISIC_0105145,0
ISIC_0106091,0
ISIC_0109415,0
ISIC_0112097,0
ISIC_0112444,0
ISIC_0112884,0
ISIC_0120729,0
ISIC_0125706,0
ISIC_0134357,0
ISIC_0140339,0
ISIC_0147817,0
ISIC_0147869,0
ISIC_0148465,0
ISIC_0148643,0
ISIC_0148677,0
ISIC_0148751,0
ISIC_0148783,0
ISIC_0149568,0
ISIC_0149698,0
ISIC_0149918,0
ISIC_0150363,0
ISIC_0150975,0
ISIC_0151200,0
ISIC_0152307,0
ISIC_0152823,0
ISIC_0153265,0
ISIC_0153549,0
ISIC_0153911,0
ISIC_0153932,0
ISIC_0154032,0
ISIC_0154253,0
ISIC_0154338,0
ISIC_0154813,0
ISIC_0154870,0
ISIC_0154880,0
ISIC_0155173,0
ISIC_0155473,0
ISIC_0155575,0
ISIC_0156460,0
ISIC_0156642,0
ISIC_0156772,0
ISIC_0157530,0
ISIC_0158127,0
ISIC_0158187,0
ISIC_0159060,0
ISIC_0159663,0
ISIC_0159782,0
ISIC_0159996,0
ISIC_0160270,0
ISIC_0160340,0
ISIC_0160831,0
ISIC_0161840,0
ISIC_0162627,0
ISIC_0162708,0
ISIC_0162967,0
ISIC_0163110,0
ISIC_0163463,0
ISIC_0163765,0
ISIC_0163767,0
ISIC_0164297,0
ISIC_0164388,0
ISIC_0164603,0
ISIC_0164809,0
ISIC_0165273,0
ISIC_0165449,0
ISIC_0165903,0
ISIC_0166059,0
ISIC_0166202,0
ISIC_0166988,0
ISIC_0167093,0
ISIC_0168306,0
ISIC_0168678,0
ISIC_0169604,0
ISIC_0169687,0
ISIC_0170059,0
ISIC_0170101,0
ISIC_0170285,0
ISIC_0170545,0
ISIC_0170583,0
ISIC_0170636,0
ISIC_0170676,0
ISIC_0170960,0
ISIC_0171946,0
ISIC_0172020,0
ISIC_0172163,0
ISIC_0173137,0
ISIC_0173213,0
ISIC_0173385,0
ISIC_0173485,0
ISIC_0174405,0
ISIC_0174527,0
ISIC_0175364,0
ISIC_0175486,0
ISIC_0175530,0
ISIC_0175837,0
ISIC_0176781,0
ISIC_0177190,0
ISIC_0177860,0
ISIC_0178430,0
ISIC_0178744,0
ISIC_0179074,0
ISIC_0179104,0
ISIC_0179191,0
ISIC_0180194,0
ISIC_0180510,0
ISIC_0180660,0
ISIC_0181059,0
ISIC_0181374,0
ISIC_0181678,0
ISIC_0182020,0
ISIC_0182730,0
ISIC_0183290,0
ISIC_0183925,0
ISIC_0184482,0
ISIC_0184944,0
ISIC_0185135,0
ISIC_0185177,0
ISIC_0186161,0
ISIC_0186437,0
ISIC_0186501,0
ISIC_0186820,0
ISIC_0187428,0
ISIC_0187498,0
ISIC_0187812,0
ISIC_0188415,0
ISIC_0188432,0
ISIC_0188926,0
ISIC_0189059,0
ISIC_0189336,0
ISIC_0189694,0
ISIC_0189837,0
ISIC_0190308,0
ISIC_0190725,0
ISIC_0190870,0
ISIC_0191366,0
ISIC_0191734,0
ISIC_0192419,0
ISIC_0192490,0
ISIC_0192596,0
ISIC_0192701,0
ISIC_0192893,0
ISIC_0193456,0
ISIC_0193785,0
ISIC_0193907,0
ISIC_0193920,0
ISIC_0195078,0
ISIC_0195699,0
ISIC_0195972,0
ISIC_0196399,0
ISIC_0196403,0
ISIC_0196694,0
ISIC_0196945,0
ISIC_0197636,0
ISIC_0197873,0
ISIC_0198331,0
ISIC_0198375,0
ISIC_0198392,0
ISIC_0198861,0
ISIC_0199116,0
ISIC_0199261,0
ISIC_0199455,0
ISIC_0199494,0
ISIC_0199538,0
ISIC_0199719,0
ISIC_0200153,0
ISIC_0200174,0
ISIC_0200204,0
ISIC_0200611,0
ISIC_0200921,0
ISIC_0201351,0
ISIC_0201689,0
ISIC_0201767,0
ISIC_0202120,0
ISIC_0202167,0
ISIC_0202259,0
ISIC_0202576,0
ISIC_0202680,0
ISIC_0202808,0
ISIC_0203233,0
ISIC_0204275,0
ISIC_0204355,0
ISIC_0204819,0
ISIC_0204994,0
ISIC_0205127,0
ISIC_0205748,0
ISIC_0205926,0
ISIC_0206325,0
ISIC_0206442,0
ISIC_0206758,0
ISIC_0207209,0
ISIC_0207268,0
ISIC_0207341,0
ISIC_0208967,0
ISIC_0209871,0
ISIC_0210282,0
ISIC_0210308,0
ISIC_0210423,0
ISIC_0210830,0
ISIC_0210998,0
ISIC_0212729,0
ISIC_0212931,0
ISIC_0213271,0
ISIC_0213336,0
ISIC_0213974,0
ISIC_0214186,0
ISIC_0214335,0
ISIC_0214635,0
ISIC_0214903,0
ISIC_0215054,0
ISIC_0215112,0
ISIC_0215966,0
ISIC_0216296,0
ISIC_0216689,0
ISIC_0216690,0
ISIC_0217057,0
ISIC_0217111,0
ISIC_0217267,0
ISIC_0217818,0
ISIC_0218072,0
ISIC_0218575,0
ISIC_0218747,0
ISIC_0219450,0
ISIC_0219948,0
ISIC_0220461,0
ISIC_0220649,0
ISIC_0220926,0
ISIC_0221590,0
ISIC_0222117,0
ISIC_0222299,0
ISIC_0223857,0
ISIC_0224295,0
ISIC_0224300,0
ISIC_0224397,0
ISIC_0224678,0
ISIC_0224919,0
ISIC_0224921,0
ISIC_0225295,0
ISIC_0226034,0
ISIC_0226072,0
ISIC_0226137,0
ISIC_0227038,0
ISIC_0227532,0
ISIC_0228497,0
ISIC_0228659,0
ISIC_0228713,0
ISIC_0228718,0
ISIC_0228772,0
ISIC_0229265,0
ISIC_0229600,0
ISIC_0229656,0
ISIC_0229680,0
ISIC_0229832,0
ISIC_0229871,0
ISIC_0230169,0
ISIC_0230209,0
ISIC_0230332,0
ISIC_0230564,0
ISIC_0231167,0
ISIC_0231465,0
ISIC_0231745,0
ISIC_0231828,0
ISIC_0232101,0
ISIC_0232274,0
ISIC_0232767,0
ISIC_0232963,0
ISIC_0233487,0
ISIC_0234049,0
ISIC_0234096,0
ISIC_0234140,0
ISIC_0234248,0
ISIC_0235728,0
ISIC_0236237,0
ISIC_0236261,0
ISIC_0236510,0
ISIC_0237514,0
ISIC_0237636,0
ISIC_0237721,0
ISIC_0237862,0
ISIC_0238118,0
ISIC_0238215,0
ISIC_0238491,0
ISIC_0238570,0
ISIC_0238711,0
ISIC_0238824,0
ISIC_0238871,0
ISIC_0238940,0
ISIC_0239070,0
ISIC_0239178,0
ISIC_0239597,0
ISIC_0239810,0
ISIC_0239949,0
ISIC_0240365,0
ISIC_0240628,0
ISIC_0240778,0
ISIC_0242433,0
ISIC_0242571,0
ISIC_0243148,0
ISIC_0243683,0
ISIC_0243849,0
ISIC_0244197,0
ISIC_0244240,0
ISIC_0244877,0
ISIC_0246090,0
ISIC_0246184,0
ISIC_0247197,0
ISIC_0247242,0
ISIC_0247330,0
ISIC_0247541,0
ISIC_0247964,0
ISIC_0248114,0
ISIC_0248218,0
ISIC_0248321,0
ISIC_0248521,0
ISIC_0248628,0
ISIC_0248936,0
ISIC_0249212,0
ISIC_0249269,0
ISIC_0250064,0
ISIC_0250069,0
ISIC_0250455,0
ISIC_0250842,0
ISIC_0251149,0
ISIC_0252448,0
ISIC_0252649,0
ISIC_0253178,0
ISIC_0253516,0
ISIC_0254158,0
ISIC_0254517,0
ISIC_0254698,0
ISIC_0255205,0
ISIC_0255508,0
ISIC_0255796,0
ISIC_0255914,0
ISIC_0256715,0
ISIC_0256926,0
ISIC_0257447,0
ISIC_0257755,0
ISIC_0258806,0
ISIC_0258821,0
ISIC_0259615,0
ISIC_0260290,0
ISIC_0260475,0
ISIC_0261499,0
ISIC_0261693,0
ISIC_0261781,0
ISIC_0262401,0
ISIC_0262770,0
ISIC_0263178,0
ISIC_0263478,0
ISIC_0263522,0
ISIC_0263916,0
ISIC_0264941,0
ISIC_0267586,0
ISIC_0268080,0
ISIC_0268187,0
ISIC_0268371,0
ISIC_0268701,0
ISIC_0268703,0
ISIC_0268811,0
ISIC_0270101,0
ISIC_0270289,0
ISIC_0270582,0
ISIC_0271017,0
ISIC_0271121,0
ISIC_0271299,0
ISIC_0271408,0
ISIC_0271922,0
ISIC_0272026,0
ISIC_0272509,0
ISIC_0272567,0
ISIC_0273046,0
ISIC_0273222,0
ISIC_0273594,0
ISIC_0273664,0
ISIC_0273685,0
ISIC_0274382,0
ISIC_0274625,0
ISIC_0274900,0
ISIC_0275409,0
ISIC_0275661,0
ISIC_0275693,0
ISIC_0275828,0
ISIC_0275984,0
ISIC_0276167,0
ISIC_0276435,0
ISIC_0277115,0
ISIC_0277320,0
ISIC_0277340,0
ISIC_0277354,0
ISIC_0277705,0
ISIC_0277859,0
ISIC_0278021,0
ISIC_0278116,0
ISIC_0278130,0
ISIC_0278346,0
ISIC_0279526,0
ISIC_0280603,0
ISIC_0280749,0
ISIC_0280912,0
ISIC_0280943,0
ISIC_0281286,0
ISIC_0281404,0
ISIC_0281631,0
ISIC_0281753,0
ISIC_0282040,0
ISIC_0282166,0
ISIC_0282321,0
ISIC_0282422,0
ISIC_0283506,0
ISIC_0283957,0
ISIC_0284295,0
ISIC_0284422,0
ISIC_0284505,0
ISIC_0284664,0
ISIC_0285051,0
ISIC_0285157,0
ISIC_0286360,0
ISIC_0286750,0
ISIC_0287510,0
ISIC_0287683,0
ISIC_0287804,0
ISIC_0288421,0
ISIC_0288916,0
ISIC_0289191,0
ISIC_0289478,0
ISIC_0289491,0
ISIC_0290785,0
ISIC_0291277,0
ISIC_0291282,0
ISIC_0291394,0
ISIC_0291473,0
ISIC_0292349,0
ISIC_0292616,0
ISIC_0292775,0
ISIC_0293086,0
ISIC_0293409,0
ISIC_0293607,0
ISIC_0293967,0
ISIC_0294170,0
ISIC_0294249,0
ISIC_0294399,0
ISIC_0294687,0
ISIC_0294910,0
ISIC_0295003,0
ISIC_0295104,0
ISIC_0295178,0
ISIC_0295323,0
ISIC_0295820,0
ISIC_0296109,0
ISIC_0296580,0
ISIC_0296785,0
ISIC_0297032,0
ISIC_0297186,0
ISIC_0297558,0
ISIC_0297795,0
ISIC_0298093,0
ISIC_0298274,0
ISIC_0299242,0
ISIC_0299504,0
ISIC_0300915,0
ISIC_0301191,0
ISIC_0301404,0
ISIC_0301568,0
ISIC_0301734,0
ISIC_0301931,0
ISIC_0302103,0
ISIC_0302441,0
ISIC_0302804,0
ISIC_0303421,0
ISIC_0304019,0
ISIC_0304042,0
ISIC_0304649,0
ISIC_0304703,0
ISIC_0305250,0
ISIC_0305679,0
ISIC_0305798,0
ISIC_0305800,0
ISIC_0305842,0
ISIC_0307377,0
ISIC_0307958,0
ISIC_0308127,0
ISIC_0308133,0
ISIC_0308722,0
ISIC_0309642,0
ISIC_0309912,0
ISIC_0310341,0
ISIC_0310588,0
ISIC_0310734,0
ISIC_0311112,0
ISIC_0311369,0
ISIC_0311783,0
ISIC_0311853,0
ISIC_0313067,0
ISIC_0313422,0
ISIC_0313653,0
ISIC_0313924,0
ISIC_0314462,0
ISIC_0315525,0
ISIC_0316484,0
ISIC_0316656,0
ISIC_0316668,0
ISIC_0316826,0
ISIC_0316933,0
ISIC_0317589,0
ISIC_0319410,0
ISIC_0319928,0
ISIC_0320013,0
ISIC_0320227,0
ISIC_0320334,0
ISIC_0321114,0
ISIC_0322340,0
ISIC_0322637,0
ISIC_0322818,0
ISIC_0322967,0
ISIC_0323624,0
ISIC_0323792,0
ISIC_0324255,0
ISIC_0325416,0
ISIC_0325664,0
ISIC_0325761,0
ISIC_0325771,0
ISIC_0326523,0
ISIC_0326608,0
ISIC_0327120,0
ISIC_0327225,0
ISIC_0327406,0
ISIC_0329458,0
ISIC_0330567,0
ISIC_0331124,0
ISIC_0331159,0
ISIC_0331389,0
ISIC_0331767,0
ISIC_0332337,0
ISIC_0333091,0
ISIC_0333215,0
ISIC_0333589,0
ISIC_0333641,0
ISIC_0333736,0
ISIC_0333899,0
ISIC_0334024,0
ISIC_0334101,0
ISIC_0334227,0
ISIC_0335172,0
ISIC_0335396,0
ISIC_0337401,0
ISIC_0337631,0
ISIC_0337921,0
ISIC_0337940,0
ISIC_0338377,0
ISIC_0338712,0
ISIC_0338723,0
ISIC_0338752,0
ISIC_0339099,0
ISIC_0339773,0
ISIC_0339930,0
ISIC_0339959,0
ISIC_0340091,0
ISIC_0340256,0
ISIC_0340453,0
ISIC_0340931,0
ISIC_0340995,0
ISIC_0341262,0
ISIC_0341298,0
ISIC_0341350,0
ISIC_0341663,0
ISIC_0341785,0
ISIC_0342557,0
ISIC_0342587,0
ISIC_0342869,0
ISIC_0343061,0
ISIC_0343957,0
ISIC_0344052,0
ISIC_0344658,0
ISIC_0345499,0
ISIC_0345845,0
ISIC_0347263,0
ISIC_0347795,0
ISIC_0347824,0
ISIC_0347984,0
ISIC_0348150,0
ISIC_0348503,0
ISIC_0348633,0
ISIC_0349484,0
ISIC_0349996,0
ISIC_0350269,0
ISIC_0350472,0
ISIC_0350663,0
ISIC_0350875,0
ISIC_0351084,0
ISIC_0351240,0
ISIC_0351547,0
ISIC_0351666,0
ISIC_0352239,0
ISIC_0353165,0
ISIC_0353280,0
ISIC_0353655,0
ISIC_0354123,0
ISIC_0354535,0
ISIC_0354589,0
ISIC_0354635,0
ISIC_0355023,0
ISIC_0355177,0
ISIC_0355197,0
ISIC_0355920,0
ISIC_0356238,0
ISIC_0356611,0
ISIC_0356995,0
ISIC_0357043,0
ISIC_0357231,0
ISIC_0357525,0
ISIC_0358071,0
ISIC_0358326,0
ISIC_0359307,0
ISIC_0359698,0
ISIC_0360068,0
ISIC_0360822,0
ISIC_0360832,0
ISIC_0360988,0
ISIC_0361034,0
ISIC_0361149,0
ISIC_0361529,0
ISIC_0361741,0
ISIC_0361901,0
ISIC_0361914,0
ISIC_0363130,0
ISIC_0363251,0
ISIC_0364478,0
ISIC_0364641,0
ISIC_0365216,0
ISIC_0365410,0
ISIC_0365540,0
ISIC_0366085,0
ISIC_0367225,0
ISIC_0367913,0
ISIC_0369348,0
ISIC_0369831,0
ISIC_0370008,0
ISIC_0370132,0
ISIC_0371038,0
ISIC_0371763,0
ISIC_0372299,0
ISIC_0372318,0
ISIC_0372376,0
ISIC_0372456,0
ISIC_0372902,0
ISIC_0373585,0
ISIC_0374029,0
ISIC_0374710,0
ISIC_0374954,0
ISIC_0375068,0
ISIC_0375073,0
ISIC_0376301,0
ISIC_0377213,0
ISIC_0377420,0
ISIC_0378399,0
ISIC_0378714,0
ISIC_0379931,0
ISIC_0379979,0
ISIC_0380545,0
ISIC_0380622,0
ISIC_0380779,0
ISIC_0380954,0
ISIC_0381051,0
ISIC_0381169,0
ISIC_0381255,0
ISIC_0381342,0
ISIC_0381930,0
ISIC_0382519,0
ISIC_0383524,0
ISIC_0383804,0
ISIC_0384200,0
ISIC_0384407,0
ISIC_0385579,0
ISIC_0385627,0
ISIC_0385633,0
ISIC_0386664,0
ISIC_0387297,0
ISIC_0388873,0
ISIC_0389629,0
ISIC_0389955,0
ISIC_0390920,0
ISIC_0391767,0
ISIC_0392105,0
ISIC_0392334,0
ISIC_0392966,0
ISIC_0393088,0
ISIC_0394030,0
ISIC_0394140,0
ISIC_0394157,0
ISIC_0395456,0
ISIC_0395933,0
ISIC_0396641,0
ISIC_0396865,0
ISIC_0397577,0
ISIC_0399051,0
ISIC_0399220,0
ISIC_0400685,0
ISIC_0401078,0
ISIC_0401250,0
ISIC_0401401,0
ISIC_0401416,0
ISIC_0401425,0
ISIC_0401522,0
ISIC_0402533,0
ISIC_0403458,0
ISIC_0404479,0
ISIC_0404568,0
ISIC_0405146,0
ISIC_0405163,0
ISIC_0405211,0
ISIC_0405253,0
ISIC_0405780,0
ISIC_0407005,0
ISIC_0407905,0
ISIC_0408358,0
ISIC_0409172,0
ISIC_0410165,0
ISIC_0410311,0
ISIC_0411005,0
ISIC_0411589,0
ISIC_0411688,0
ISIC_0411829,0
ISIC_0412319,0
ISIC_0412482,0
ISIC_0412659,0
ISIC_0413084,0
ISIC_0413111,0
ISIC_0413154,0
ISIC_0413173,0
ISIC_0413247,0
ISIC_0413372,0
ISIC_0413512,0
ISIC_0413575,0
ISIC_0413715,0
ISIC_0413804,0
ISIC_0414259,0
ISIC_0414670,0
ISIC_0417530,0
ISIC_0417994,0
ISIC_0418519,0
ISIC_0418738,0
ISIC_0419212,0
ISIC_0419302,0
ISIC_0419875,0
ISIC_0420174,0
ISIC_0420249,0
ISIC_0420331,0
ISIC_0420381,0
ISIC_0420477,0
ISIC_0420624,0
ISIC_0420777,0
ISIC_0421041,0
ISIC_0421558,0
ISIC_0422061,0
ISIC_0422139,0
ISIC_0422225,0
ISIC_0422283,0
ISIC_0422301,0
ISIC_0422799,0
ISIC_0423201,0
ISIC_0423312,0
ISIC_0423395,0
ISIC_0423788,0
ISIC_0424646,0
ISIC_0424700,0
ISIC_0424784,0
ISIC_0425276,0
ISIC_0426487,0
ISIC_0426657,0
ISIC_0427209,0
ISIC_0427760,0
ISIC_0427813,0
ISIC_0428257,0
ISIC_0428383,0
ISIC_0428656,0
ISIC_0429932,0
ISIC_0430348,0
ISIC_0430356,0
ISIC_0430646,0
ISIC_0430904,0
ISIC_0431008,0
ISIC_0431547,0
ISIC_0432077,0
ISIC_0432164,0
ISIC_0432236,0
ISIC_0432484,0
ISIC_0433142,0
ISIC_0433569,0
ISIC_0433594,0
ISIC_0433647,0
ISIC_0433742,0
ISIC_0434114,0
ISIC_0434354,0
ISIC_0434532,0
ISIC_0434566,0
ISIC_0435434,0
ISIC_0435596,0
ISIC_0436161,0
ISIC_0436964,0
ISIC_0436994,0
ISIC_0437018,0
ISIC_0437593,0
ISIC_0438115,0
ISIC_0438136,0
ISIC_0438234,0
ISIC_0438437,0
ISIC_0439040,0
ISIC_0439452,0
ISIC_0439726,0
ISIC_0439839,0
ISIC_0439950,0
ISIC_0440394,0
ISIC_0440582,0
ISIC_0440584,0
ISIC_0440848,0
ISIC_0441148,0
ISIC_0441845,0
ISIC_0441886,0
ISIC_0442425,0
ISIC_0442749,0
ISIC_0442837,0
ISIC_0443266,0
ISIC_0443835,0
ISIC_0444339,0
ISIC_0444347,0
ISIC_0444937,0
ISIC_0445189,0
ISIC_0445396,0
ISIC_0445911,0
ISIC_0447631,0
ISIC_0448016,0
ISIC_0448050,0
ISIC_0448195,0
ISIC_0448485,0
ISIC_0448964,0
ISIC_0449405,0
ISIC_0449568,0
ISIC_0449824,0
ISIC_0450142,0
ISIC_0450295,0
ISIC_0450401,0
ISIC_0451095,0
ISIC_0452356,0
ISIC_0452379,0
ISIC_0452459,0
ISIC_0452656,0
ISIC_0455687,0
ISIC_0455743,0
ISIC_0455800,0
ISIC_0456901,0
ISIC_0457235,0
ISIC_0457385,0
ISIC_0457868,0
ISIC_0458240,0
ISIC_0459155,0
ISIC_0460240,0
ISIC_0460608,0
ISIC_0461085,0
ISIC_0461550,0
ISIC_0461706,0
ISIC_0463621,0
ISIC_0463755,0
ISIC_0464200,0
ISIC_0464730,0
ISIC_0464836,0
ISIC_0465385,0
ISIC_0465476,0
ISIC_0465938,0
ISIC_0467553,0
ISIC_0467850,0
ISIC_0468433,0
ISIC_0468611,0
ISIC_0469314,0
ISIC_0469872,0
ISIC_0470224,0
ISIC_0470433,0
ISIC_0470629,0
ISIC_0471681,0
ISIC_0471825,0
ISIC_0472534,0
ISIC_0472796,0
ISIC_0473135,0
ISIC_0473257,0
ISIC_0474551,0
ISIC_0474975,0
ISIC_0475341,0
ISIC_0475506,0
ISIC_0475718,0
ISIC_0475746,0
ISIC_0476011,0
ISIC_0476606,0
ISIC_0476670,0
ISIC_0477898,0
ISIC_0478571,0
ISIC_0479013,0
ISIC_0479757,0
ISIC_0481425,0
ISIC_0481652,0
ISIC_0481910,0
ISIC_0482297,0
ISIC_0482495,0
ISIC_0483469,0
ISIC_0483872,0
ISIC_0484163,0
ISIC_0484568,0
ISIC_0485417,0
ISIC_0485529,0
ISIC_0485537,0
ISIC_0485914,0
ISIC_0486478,0
ISIC_0486516,0
ISIC_0487460,0
ISIC_0487660,0
ISIC_0488192,0
ISIC_0488252,0
ISIC_0488595,0
ISIC_0489611,0
ISIC_0489729,0
ISIC_0490714,0
ISIC_0492483,0
ISIC_0493185,0
ISIC_0493653,0
ISIC_0494046,0
ISIC_0494263,0
ISIC_0494344,0
ISIC_0494383,0
ISIC_0494655,0
ISIC_0494868,0
ISIC_0494885,0
ISIC_0496209,0
ISIC_0496971,0
ISIC_0496975,0
ISIC_0497390,0
ISIC_0497800,0
ISIC_0497873,0
ISIC_0498037,0
ISIC_0498374,0
ISIC_0499554,0
ISIC_0499719,0
ISIC_0499971,0
ISIC_0499977,0
ISIC_0500312,0
ISIC_0500526,0
ISIC_0501506,0
ISIC_0501843,0
ISIC_0502419,0
ISIC_0503937,0
ISIC_0503961,0
ISIC_0504165,0
ISIC_0504730,0
ISIC_0504868,0
ISIC_0505770,0
ISIC_0506309,0
ISIC_0506617,0
ISIC_0506843,0
ISIC_0506901,0
ISIC_0507002,0
ISIC_0507189,0
ISIC_0507787,0
ISIC_0508284,0
ISIC_0509700,0
ISIC_0509901,0
ISIC_0510145,0
ISIC_0510617,0
ISIC_0511356,0
ISIC_0511526,0
ISIC_0511782,0
ISIC_0512155,0
ISIC_0513013,0
ISIC_0513207,0
ISIC_0513488,0
ISIC_0514672,0
ISIC_0515441,0
ISIC_0515736,0
ISIC_0515851,0
ISIC_0516183,0
ISIC_0516315,0
ISIC_0516337,0
ISIC_0516613,0
ISIC_0516982,0
ISIC_0517460,0
ISIC_0517643,0
ISIC_0517716,0
ISIC_0517814,0
ISIC_0518127,0
ISIC_0518233,0
ISIC_0518459,0
ISIC_0519386,0
ISIC_0519705,0
ISIC_0519765,0
ISIC_0520584,0
ISIC_0520791,0
ISIC_0522024,0
ISIC_0522076,0
ISIC_0522785,0
ISIC_0522865,0
ISIC_0522926,0
ISIC_0522974,0
ISIC_0523125,0
ISIC_0523228,0
ISIC_0523247,0
ISIC_0523251,0
ISIC_0523771,0
ISIC_0524477,0
ISIC_0524863,0
ISIC_0525318,0
ISIC_0525376,0
ISIC_0525554,0
ISIC_0526861,0
ISIC_0526904,0
ISIC_0527088,0
ISIC_0527166,0
ISIC_0527170,0
ISIC_0527593,0
ISIC_0527870,0
ISIC_0528044,0
ISIC_0528380,0
ISIC_0528791,0
ISIC_0529486,0
ISIC_0529518,0
ISIC_0530054,0
ISIC_0530355,0
ISIC_0531490,0
ISIC_0532824,0
ISIC_0533122,0
ISIC_0533180,0
ISIC_0533349,0
ISIC_0533930,0
ISIC_0533986,0
ISIC_0534191,0
ISIC_0534529,0
ISIC_0535416,0
ISIC_0535654,0
ISIC_0535843,0
ISIC_0535920,0
ISIC_0536104,0
ISIC_0536321,0
ISIC_0536433,0
ISIC_0536980,0
ISIC_0537537,0
ISIC_0538042,0
ISIC_0538298,0
ISIC_0538688,0
ISIC_0538711,0
ISIC_0539398,0
ISIC_0539604,0
ISIC_0540848,0
ISIC_0543132,0
ISIC_0543290,0
ISIC_0543494,0
ISIC_0544840,0
ISIC_0545838,0
ISIC_0545930,0
ISIC_0546675,0
ISIC_0546980,0
ISIC_0547097,0
ISIC_0547893,0
ISIC_0547934,0
ISIC_0548022,0
ISIC_0548447,0
ISIC_0548904,0
ISIC_0549163,0
ISIC_0549211,0
ISIC_0549531,0
ISIC_0549791,0
ISIC_0550051,0
ISIC_0550406,0
ISIC_0550736,0
ISIC_0551392,0
ISIC_0551684,0
ISIC_0551708,0
ISIC_0551712,0
ISIC_0552221,0
ISIC_0552296,0
ISIC_0552437,0
ISIC_0552960,0
ISIC_0553164,0
ISIC_0553509,0
ISIC_0553565,0
ISIC_0553932,0
ISIC_0554499,0
ISIC_0555146,0
ISIC_0555529,0
ISIC_0557067,0
ISIC_0557109,0
ISIC_0557377,0
ISIC_0559335,0
ISIC_0559481,0
ISIC_0559566,0
ISIC_0559686,0
ISIC_0561249,0
ISIC_0561295,0
ISIC_0561634,0
ISIC_0561802,0
ISIC_0561873,0
ISIC_0561944,0
ISIC_0562223,0
ISIC_0562430,0
ISIC_0562807,0
ISIC_0562987,0
ISIC_0563516,0
ISIC_0563705,0
ISIC_0565046,0
ISIC_0565120,0
ISIC_0565251,0
ISIC_0565743,0
ISIC_0565905,0
ISIC_0566527,0
ISIC_0567128,0
ISIC_0567142,0
ISIC_0568828,0
ISIC_0569360,0
ISIC_0570393,0
ISIC_0570690,0
ISIC_0570742,0
ISIC_0571058,0
ISIC_0571560,0
ISIC_0571654,0
ISIC_0572205,0
ISIC_0572450,0
ISIC_0573518,0
ISIC_0573656,0
ISIC_0573666,0
ISIC_0573934,0
ISIC_0574489,0
ISIC_0574925,0
ISIC_0575072,0
ISIC_0575350,0
ISIC_0576265,0
ISIC_0576455,0
ISIC_0576644,0
ISIC_0577311,0
ISIC_0578534,0
ISIC_0578806,0
ISIC_0579047,0
ISIC_0579562,0
ISIC_0579836,0
ISIC_0580054,0
ISIC_0580068,0
ISIC_0580222,0
ISIC_0580273,0
ISIC_0581628,0
ISIC_0582315,0
ISIC_0582672,0
ISIC_0583539,0
ISIC_0583827,0
ISIC_0584130,0
ISIC_0584461,0
ISIC_0584464,0
ISIC_0584978,0
ISIC_0585155,0
ISIC_0585396,0
ISIC_0586053,0
ISIC_0586680,0
ISIC_0586782,0
ISIC_0588103,0
ISIC_0588328,0
ISIC_0588744,0
ISIC_0588827,0
ISIC_0588855,0
ISIC_0589461,0
ISIC_0590658,0
ISIC_0590790,0
ISIC_0591011,0
ISIC_0591057,0
ISIC_0591097,0
ISIC_0591226,0
ISIC_0591828,0
ISIC_0592026,0
ISIC_0592068,0
ISIC_0592088,0
ISIC_0592552,0
ISIC_0592946,0
ISIC_0592973,0
ISIC_0593756,0
ISIC_0594289,0
ISIC_0594695,0
ISIC_0595018,0
ISIC_0595080,0
ISIC_0595199,0
ISIC_0595472,0
ISIC_0596089,0
ISIC_0596607,0
ISIC_0596942,0
ISIC_0597012,0
ISIC_0597158,0
ISIC_0597414,0
ISIC_0597581,0
ISIC_0599047,0
ISIC_0600789,0
ISIC_0601107,0
ISIC_0601576,0
ISIC_0602494,0
ISIC_0602529,0
ISIC_0602723,0
ISIC_0603439,0
ISIC_0603689,0
ISIC_0603777,0
ISIC_0603993,0
ISIC_0604532,0
ISIC_0604752,0
ISIC_0605128,0
ISIC_0605145,0
ISIC_0605205,0
ISIC_0606437,0
ISIC_0607324,0
ISIC_0607836,0
ISIC_0607852,0
ISIC_0608454,0
ISIC_0608625,0
ISIC_0609043,0
ISIC_0609067,0
ISIC_0609800,0
ISIC_0610141,0
ISIC_0610477,0
ISIC_0610499,0
ISIC_0610849,0
ISIC_0611629,0
ISIC_0612080,0
ISIC_0612291,0
ISIC_0612374,0
ISIC_0612624,0
ISIC_0612816,0
ISIC_0612834,0
ISIC_0613076,0
ISIC_0613362,0
ISIC_0613457,0
ISIC_0614271,0
ISIC_0614681,0
ISIC_0615335,0
ISIC_0615782,0
ISIC_0616348,0
ISIC_0616456,0
ISIC_0616491,0
ISIC_0616698,0
ISIC_0617442,0
ISIC_0617767,0
ISIC_0618119,0
ISIC_0618123,0
ISIC_0618194,0
ISIC_0618524,0
ISIC_0618939,0
ISIC_0619244,0
ISIC_0619514,0
ISIC_0619848,0
ISIC_0620587,0
ISIC_0621010,0
ISIC_0622084,0
ISIC_0622841,0
ISIC_0623857,0
ISIC_0623875,0
ISIC_0624783,0
ISIC_0625777,0
ISIC_0626118,0
ISIC_0626390,0
ISIC_0626501,0
ISIC_0626653,0
ISIC_0626832,0
ISIC_0626986,0
ISIC_0627369,0
ISIC_0627979,0
ISIC_0628277,0
ISIC_0628662,0
ISIC_0628726,0
ISIC_0630780,0
ISIC_0631420,0
ISIC_0631669,0
ISIC_0632512,0
ISIC_0632876,0
ISIC_0633259,0
ISIC_0634107,0
ISIC_0638468,0
ISIC_0638575,0
ISIC_0638857,0
ISIC_0639077,0
ISIC_0639140,0
ISIC_0639162,0
ISIC_0639769,0
ISIC_0639951,0
ISIC_0640770,0
ISIC_0641330,0
ISIC_0641480,0
ISIC_0641973,0
ISIC_0642200,0
ISIC_0642269,0
ISIC_0642715,0
ISIC_0643659,0
ISIC_0644253,0
ISIC_0644461,0
ISIC_0644590,0
ISIC_0644964,0
ISIC_0644970,0
ISIC_0645116,0
ISIC_0645454,0
ISIC_0645462,0
ISIC_0645742,0
ISIC_0645769,0
ISIC_0645777,0
ISIC_0645834,0
ISIC_0645950,0
ISIC_0647224,0
ISIC_0648067,0
ISIC_0648310,0
ISIC_0648752,0
ISIC_0648773,0
ISIC_0649544,0
ISIC_0649705,0
ISIC_0650027,0
ISIC_0650126,0
ISIC_0650282,0
ISIC_0650784,0
ISIC_0651114,0
ISIC_0651166,0
ISIC_0651200,0
ISIC_0651353,0
ISIC_0651379,0
ISIC_0651741,0
ISIC_0652205,0
ISIC_0653308,0
ISIC_0653456,0
ISIC_0653633,0
ISIC_0653706,0
ISIC_0654104,0
ISIC_0654462,0
ISIC_0654846,0
ISIC_0655205,0
ISIC_0655316,0
ISIC_0655635,0
ISIC_0655722,0
ISIC_0657123,0
ISIC_0657485,0
ISIC_0657811,0
ISIC_0658225,0
ISIC_0659153,0
ISIC_0659400,0
ISIC_0659540,0
ISIC_0660331,0
ISIC_0660770,0
ISIC_0662000,0
ISIC_0662183,0
ISIC_0662867,0
ISIC_0662911,0
ISIC_0663446,0
ISIC_0663588,0
ISIC_0663631,0
ISIC_0663824,0
ISIC_0663941,0
ISIC_0664031,0
ISIC_0664115,0
ISIC_0664452,0
ISIC_0666481,0
ISIC_0666591,0
ISIC_0666641,0
ISIC_0667136,0
ISIC_0667149,0
ISIC_0667315,0
ISIC_0667763,0
ISIC_0668165,0
ISIC_0668739,0
ISIC_0668969,0
ISIC_0669411,0
ISIC_0669605,0
ISIC_0669666,0
ISIC_0669766,0
ISIC_0670398,0
ISIC_0670561,0
ISIC_0671251,0
ISIC_0671826,0
ISIC_0672304,0
ISIC_0674472,0
ISIC_0674629,0
ISIC_0674644,0
ISIC_0674662,0
ISIC_0675028,0
ISIC_0675512,0
ISIC_0675767,0
ISIC_0676126,0
ISIC_0677159,0
ISIC_0677230,0
ISIC_0678121,0
ISIC_0678543,0
ISIC_0678569,0
ISIC_0678649,0
ISIC_0678758,0
ISIC_0678913,0
ISIC_0679155,0
ISIC_0679359,0
ISIC_0679494,0
ISIC_0679781,0
ISIC_0679972,0
ISIC_0680023,0
ISIC_0680210,0
ISIC_0680599,0
ISIC_0680823,0
ISIC_0681153,0
ISIC_0681666,0
ISIC_0681844,0
ISIC_0682086,0
ISIC_0682255,0
ISIC_0682403,0
ISIC_0682543,0
ISIC_0682795,0
ISIC_0683077,0
ISIC_0683259,0
ISIC_0683389,0
ISIC_0683925,0
ISIC_0684951,0
ISIC_0684995,0
ISIC_0685154,0
ISIC_0685898,0
ISIC_0686446,0
ISIC_0686826,0
ISIC_0687455,0
ISIC_0687554,0
ISIC_0689354,0
ISIC_0690527,0
ISIC_0690734,0
ISIC_0690822,0
ISIC_0691030,0
ISIC_0691329,0
ISIC_0691357,0
ISIC_0691454,0
ISIC_0691554,0
ISIC_0692285,0
ISIC_0692478,0
ISIC_0692990,0
ISIC_0693968,0
ISIC_0694033,0
ISIC_0694188,0
ISIC_0694381,0
ISIC_0694677,0
ISIC_0694924,0
ISIC_0695575,0
ISIC_0696027,0
ISIC_0699772,0
ISIC_0704895,0
ISIC_0707756,0
ISIC_0707824,0
ISIC_0708011,0
ISIC_0709041,0
ISIC_0709699,0
ISIC_0710431,0
ISIC_0711360,0
ISIC_0711907,0
ISIC_0715086,0
ISIC_0718436,0
ISIC_0718586,0
ISIC_0719366,0
ISIC_0720013,0
ISIC_0720105,0
ISIC_0721010,0
ISIC_0723083,0
ISIC_0723112,0
ISIC_0723895,0
ISIC_0726626,0
ISIC_0727016,0
ISIC_0727322,0
ISIC_0728291,0
ISIC_0728868,0
ISIC_0732626,0
ISIC_0732688,0
ISIC_0737125,0
ISIC_0738587,0
ISIC_0740199,0
ISIC_0740449,0
ISIC_0740716,0
ISIC_0741694,0
ISIC_0747870,0
ISIC_0749089,0
ISIC_0749263,0
ISIC_0750403,0
ISIC_0752546,0
ISIC_0752831,0
ISIC_0753080,0
ISIC_0753656,0
ISIC_0753765,0
ISIC_0754049,0
ISIC_0754555,0
ISIC_0754749,0
ISIC_0754789,0
ISIC_0757401,0
ISIC_0757711,0
ISIC_0758283,0
ISIC_0758729,0
ISIC_0759120,0
ISIC_0760168,0
ISIC_0760740,0
ISIC_0760892,0
ISIC_0761049,0
ISIC_0761623,0
ISIC_0761693,0
ISIC_0762591,0
ISIC_0763117,0
ISIC_0763140,0
ISIC_0763328,0
ISIC_0763883,0
ISIC_0763957,0
ISIC_0764189,0
ISIC_0764975,0
ISIC_0765658,0
ISIC_0765973,0
ISIC_0766328,0
ISIC_0766345,0
ISIC_0766365,0
ISIC_0767028,0
ISIC_0768514,0
ISIC_0769159,0
ISIC_0770257,0
ISIC_0770328,0
ISIC_0770920,0
ISIC_0770930,0
ISIC_0771051,0
ISIC_0771168,0
ISIC_0771537,0
ISIC_0775040,0
ISIC_0776486,0
ISIC_0776581,0
ISIC_0776605,0
ISIC_0778327,0
ISIC_0778724,0
ISIC_0779920,0
ISIC_0780259,0
ISIC_0780589,0
ISIC_0780947,0
ISIC_0781315,0
ISIC_0781380,0
ISIC_0782037,0
ISIC_0783945,0
ISIC_0784774,0
ISIC_0787851,0
ISIC_0788875,0
ISIC_0789732,0
ISIC_0790942,0
ISIC_0791303,0
ISIC_0792879,0
ISIC_0795514,0
ISIC_0795802,0
ISIC_0796325,0
ISIC_0796372,0
ISIC_0798355,0
ISIC_0798837,0
ISIC_0799347,0
ISIC_0799535,0
ISIC_0800069,0
ISIC_0800269,0
ISIC_0801281,0
ISIC_0803575,0
ISIC_0803685,0
ISIC_0803850,0
ISIC_0805464,0
ISIC_0809927,0
ISIC_0811352,0
ISIC_0813386,0
ISIC_0813423,0
ISIC_0813856,0
ISIC_0814592,0
ISIC_0815664,0
ISIC_0815802,0
ISIC_0816076,0
ISIC_0817091,0
ISIC_0817172,0
ISIC_0817569,0
ISIC_0817654,0
ISIC_0817914,0
ISIC_0818033,0
ISIC_0819765,0
ISIC_0820729,0
ISIC_0821645,0
ISIC_0822238,0
ISIC_0822842,0
ISIC_0825026,0
ISIC_0825763,0
ISIC_0826213,0
ISIC_0826710,0
ISIC_0827099,0
ISIC_0828069,0
ISIC_0828310,0
ISIC_0829303,0
ISIC_0829565,0
ISIC_0830217,0
ISIC_0830806,0
ISIC_0831173,0
ISIC_0831884,0
ISIC_0833682,0
ISIC_0834704,0
ISIC_0834775,0
ISIC_0835578,0
ISIC_0835700,0
ISIC_0835985,0
ISIC_0836257,0
ISIC_0836854,0
ISIC_0837789,0
ISIC_0839367,0
ISIC_0839675,0
ISIC_0840255,0
ISIC_0840730,0
ISIC_0841327,0
ISIC_0844805,0
ISIC_0847420,0
ISIC_0849385,0
ISIC_0862063,0
ISIC_0862337,0
ISIC_0863989,0
ISIC_0868656,0
ISIC_0869142,0
ISIC_0871833,0
ISIC_0872145,0
ISIC_0872350,0
ISIC_0874261,0
ISIC_0875971,0
ISIC_0880312,0
ISIC_0881573,0
ISIC_0883681,0
ISIC_0884550,0
ISIC_0885048,0
ISIC_0886805,0
ISIC_0886853,0
ISIC_0887530,0
ISIC_0889483,0
ISIC_0890398,0
ISIC_0891469,0
ISIC_0894136,0
ISIC_0897248,0
ISIC_0897526,0
ISIC_0898454,0
ISIC_0899891,0
ISIC_0900210,0
ISIC_0901403,0
ISIC_0901864,0
ISIC_0903175,0
ISIC_0903548,0
ISIC_0903608,0
ISIC_0905000,0
ISIC_0905652,0
ISIC_0906053,0
ISIC_0906076,0
ISIC_0906465,0
ISIC_0908367,0
ISIC_0909082,0
ISIC_0909402,0
ISIC_0911363,0
ISIC_0911414,0
ISIC_0911989,0
ISIC_0912033,0
ISIC_0912291,0
ISIC_0913027,0
ISIC_0914168,0
ISIC_0914537,0
ISIC_0914920,0
ISIC_0914968,0
ISIC_0917117,0
ISIC_0917416,0
ISIC_0918078,0
ISIC_0918831,0
ISIC_0919351,0
ISIC_0919396,0
ISIC_0919467,0
ISIC_0919903,0
ISIC_0922251,0
ISIC_0924146,0
ISIC_0924724,0
ISIC_0925758,0
ISIC_0926571,0
ISIC_0926728,0
ISIC_0927057,0
ISIC_0927854,0
ISIC_0927960,0
ISIC_0928025,0
ISIC_0928087,0
ISIC_0928264,0
ISIC_0928633,0
ISIC_0929483,0
ISIC_0930135,0
ISIC_0931454,0
ISIC_0931725,0
ISIC_0932428,0
ISIC_0933689,0
ISIC_0934204,0
ISIC_0934223,0
ISIC_0934367,0
ISIC_0935859,0
ISIC_0936865,0
ISIC_0937257,0
ISIC_0937378,0
ISIC_0938463,0
ISIC_0938927,0
ISIC_0939062,0
ISIC_0939648,0
ISIC_0940070,0
ISIC_0940521,0
ISIC_0941302,0
ISIC_0941700,0
ISIC_0942056,0
ISIC_0942654,0
ISIC_0943089,0
ISIC_0943299,0
ISIC_0943717,0
ISIC_0944103,0
ISIC_0946485,0
ISIC_0946696,0
ISIC_0946777,0
ISIC_0946787,0
ISIC_0947525,0
ISIC_0948152,0
ISIC_0948240,0
ISIC_0951377,0
ISIC_0951438,0
ISIC_0951519,0
ISIC_0951557,0
ISIC_0951915,0
ISIC_0952221,0
ISIC_0952472,0
ISIC_0952665,0
ISIC_0953133,0
ISIC_0953500,0
ISIC_0953675,0
ISIC_0954522,0
ISIC_0955786,0
ISIC_0956407,0
ISIC_0956923,0
ISIC_0957641,0
ISIC_0958328,0
ISIC_0959085,0
ISIC_0959562,0
ISIC_0960088,0
ISIC_0960741,0
ISIC_0961888,0
ISIC_0962601,0
ISIC_0962787,0
ISIC_0963117,0
ISIC_0963536,0
ISIC_0964270,0
ISIC_0964827,0
ISIC_0965382,0
ISIC_0965652,0
ISIC_0966527,0
ISIC_0967746,0
ISIC_0969561,0
ISIC_0974159,0
ISIC_0974833,0
ISIC_0975874,0
ISIC_0977333,0
ISIC_0977861,0
ISIC_0978194,0
ISIC_0979454,0
ISIC_0980012,0
ISIC_0981657,0
ISIC_0981775,0
ISIC_0981883,0
ISIC_0982046,0
ISIC_0982984,0
ISIC_0983360,0
ISIC_0983447,0
ISIC_0983569,0
ISIC_0984825,0
ISIC_0984972,0
ISIC_0985863,0
ISIC_0985874,0
ISIC_0986890,0
ISIC_0986955,0
ISIC_0987042,0
ISIC_0987360,0
ISIC_0987830,0
ISIC_0988623,0
ISIC_0988665,0
ISIC_0988860,0
ISIC_0991731,0
ISIC_0994556,0
ISIC_0995161,0
ISIC_0995838,0
ISIC_0996465,0
ISIC_0998408,0
ISIC_0998639,0
ISIC_0998651,0
ISIC_0999592,0
ISIC_1000360,0
ISIC_1000399,0
ISIC_1000648,0
ISIC_1001348,0
ISIC_1002107,0
ISIC_1002473,0
ISIC_1003459,0
ISIC_1003701,0
ISIC_1004225,0
ISIC_1004416,0
ISIC_1005038,0
ISIC_1005048,0
ISIC_1006874,0
ISIC_1007014,0
ISIC_1007608,0
ISIC_1007838,0
ISIC_1008321,0
ISIC_1008609,0
ISIC_1009042,0
ISIC_1009273,0
ISIC_1009378,0
ISIC_1010416,0
ISIC_1010525,0
ISIC_1010991,0
ISIC_1011089,0
ISIC_1011754,0
ISIC_1012570,0
ISIC_1013796,0
ISIC_1013841,0
ISIC_1014075,0
ISIC_1014210,0
ISIC_1015191,0
ISIC_1015264,0
ISIC_1015644,0
ISIC_1017015,0
ISIC_1017035,0
ISIC_1017622,0
ISIC_1018265,0
ISIC_1019987,0
ISIC_1020208,0
ISIC_1020369,0
ISIC_1020405,0
ISIC_1020608,0
ISIC_1020968,0
ISIC_1020999,0
ISIC_1021110,0
ISIC_1021883,0
ISIC_1022263,0
ISIC_1023010,0
ISIC_1023676,0
ISIC_1023741,0
ISIC_1023810,0
ISIC_1024269,0
ISIC_1024569,0
ISIC_1025009,0
ISIC_1026239,0
ISIC_1026382,0
ISIC_1026770,0
ISIC_1027512,0
ISIC_1028550,0
ISIC_1029536,0
ISIC_1029550,0
ISIC_1030777,0
ISIC_1030920,0
ISIC_1031166,0
ISIC_1032034,0
ISIC_1032630,0
ISIC_1032826,0
ISIC_1034126,0
ISIC_1034397,0
ISIC_1034411,0
ISIC_1037260,0
ISIC_1037315,0
ISIC_1037380,0
ISIC_1037860,0
ISIC_1037947,0
ISIC_1039396,0
ISIC_1039431,0
ISIC_1039970,0
ISIC_1040841,0
ISIC_1041621,0
ISIC_1042588,0
ISIC_1043267,0
ISIC_1043313,0
ISIC_1043405,0
ISIC_1043817,0
ISIC_1044129,0
ISIC_1044290,0
ISIC_1044438,0
ISIC_1045252,0
ISIC_1046678,0
ISIC_1048741,0
ISIC_1048913,0
ISIC_1049664,0
ISIC_1050158,0
ISIC_1050268,0
ISIC_1050950,0
ISIC_1051076,0
ISIC_1051787,0
ISIC_1052148,0
ISIC_1053021,0
ISIC_1053427,0
ISIC_1054090,0
ISIC_1056183,0
ISIC_1056868,0
ISIC_1057607,0
ISIC_1057817,0
ISIC_1058326,0
ISIC_1059054,0
ISIC_1059147,0
ISIC_1059525,0
ISIC_1060161,0
ISIC_1060448,0
ISIC_1062359,0
ISIC_1063407,0
ISIC_1064919,0
ISIC_1065110,0
ISIC_1066052,0
ISIC_1066801,0
ISIC_1066973,0
ISIC_1067390,0
ISIC_1067985,0
ISIC_1069960,0
ISIC_1071371,0
ISIC_1073350,0
ISIC_1074482,0
ISIC_1074551,0
ISIC_1074629,0
ISIC_1075054,0
ISIC_1075192,0
ISIC_1075231,0
ISIC_1076554,0
ISIC_1077822,0
ISIC_1077911,0
ISIC_1078707,0
ISIC_1078823,0
ISIC_1078854,0
ISIC_1079069,0
ISIC_1080647,0
ISIC_1081051,0
ISIC_1081635,0
ISIC_1082020,0
ISIC_1083466,0
ISIC_1083672,0
ISIC_1083681,0
ISIC_1085285,0
ISIC_1086387,0
ISIC_1086902,0
ISIC_1087705,0
ISIC_1087923,0
ISIC_1088190,0
ISIC_1089617,0
ISIC_1089746,0
ISIC_1090614,0
ISIC_1090983,0
ISIC_1091253,0
ISIC_1091626,0
ISIC_1091902,0
ISIC_1092604,0
ISIC_1092935,0
ISIC_1093647,0
ISIC_1094844,0
ISIC_1095325,0
ISIC_1096503,0
ISIC_1100665,0
ISIC_1101631,0
ISIC_1101755,0
ISIC_1102075,0
ISIC_1102391,0
ISIC_1102766,0
ISIC_1103365,0
ISIC_1104171,0
ISIC_1104374,0
ISIC_1104594,0
ISIC_1104762,0
ISIC_1104953,0
ISIC_1106211,0
ISIC_1106851,0
ISIC_1107521,0
ISIC_1107954,0
ISIC_1109516,0
ISIC_1109641,0
ISIC_1109667,0
ISIC_1110583,0
ISIC_1110691,0
ISIC_1110949,0
ISIC_1112205,0
ISIC_1112803,0
ISIC_1113686,0
ISIC_1114283,0
ISIC_1114860,0
ISIC_1114966,0
ISIC_1115266,0
ISIC_1115695,0
ISIC_1116483,0
ISIC_1117976,0
ISIC_1117996,0
ISIC_1118894,0
ISIC_1119066,0
ISIC_1119559,0
ISIC_1121883,0
ISIC_1121984,0
ISIC_1122023,0
ISIC_1122727,0
ISIC_1123231,0
ISIC_1123509,0
ISIC_1124434,0
ISIC_1125652,0
ISIC_1127057,0
ISIC_1127653,0
ISIC_1128371,0
ISIC_1128858,0
ISIC_1129508,0
ISIC_1131588,0
ISIC_1131772,0
ISIC_1134319,0
ISIC_1134882,0
ISIC_1135340,0
ISIC_1136589,0
ISIC_1136870,0
ISIC_1138880,0
ISIC_1139248,0
ISIC_1140182,0
ISIC_1140717,0
ISIC_1142764,0
ISIC_1142962,0
ISIC_1143268,0
ISIC_1143655,0
ISIC_1144024,0
ISIC_1144466,0
ISIC_1145562,0
ISIC_1145799,0
ISIC_1146341,0
ISIC_1147442,0
ISIC_1147733,0
ISIC_1147965,0
ISIC_1149469,0
ISIC_1149693,0
ISIC_1150399,0
ISIC_1150482,0
ISIC_1151651,0
ISIC_1151929,0
ISIC_1152559,0
ISIC_1152737,0
ISIC_1153106,0
ISIC_1153335,0
ISIC_1154064,0
ISIC_1154072,0
ISIC_1155407,0
ISIC_1155782,0
ISIC_1156157,0
ISIC_1156392,0
ISIC_1157099,0
ISIC_1157850,0
ISIC_1158466,0
ISIC_1160733,0
ISIC_1160953,0
ISIC_1161171,0
ISIC_1161247,0
ISIC_1161370,0
ISIC_1161490,0
ISIC_1161591,0
ISIC_1161650,0
ISIC_1162156,0
ISIC_1162288,0
ISIC_1162337,0
ISIC_1162576,0
ISIC_1163139,0
ISIC_1164283,0
ISIC_1164612,0
ISIC_1164824,0
ISIC_1164890,0
ISIC_1165497,0
ISIC_1165548,0
ISIC_1165669,0
ISIC_1166337,0
ISIC_1166491,0
ISIC_1166920,0
ISIC_1167258,0
ISIC_1168311,0
ISIC_1169095,0
ISIC_1169724,0
ISIC_1170134,0
ISIC_1170961,0
ISIC_1171426,0
ISIC_1171704,0
ISIC_1172768,0
ISIC_1172804,0
ISIC_1172855,0
ISIC_1172952,0
ISIC_1172955,0
ISIC_1173350,0
ISIC_1173962,0
ISIC_1174017,0
ISIC_1174039,0
ISIC_1174073,0
ISIC_1175215,0
ISIC_1175776,0
ISIC_1176231,0
ISIC_1176575,0
ISIC_1176970,0
ISIC_1176987,0
ISIC_1177505,0
ISIC_1178018,0
ISIC_1178227,0
ISIC_1178367,0
ISIC_1178491,0
ISIC_1178847,0
ISIC_1179209,0
ISIC_1180551,0
ISIC_1182470,0
ISIC_1182612,0
ISIC_1182624,0
ISIC_1183565,0
ISIC_1184373,0
ISIC_1185006,0
ISIC_1185128,0
ISIC_1185134,0
ISIC_1185468,0
ISIC_1185853,0
ISIC_1185894,0
ISIC_1185906,0
ISIC_1186077,0
ISIC_1186495,0
ISIC_1188141,0
ISIC_1188525,0
ISIC_1189627,0
ISIC_1189712,0
ISIC_1189827,0
ISIC_1190827,0
ISIC_1191367,0
ISIC_1192253,0
ISIC_1192917,0
ISIC_1192974,0
ISIC_1194127,0
ISIC_1194836,0
ISIC_1194944,0
ISIC_1195254,0
ISIC_1195689,0
ISIC_1195961,0
ISIC_1196660,0
ISIC_1196752,0
ISIC_1197080,0
ISIC_1197584,0
ISIC_1197737,0
ISIC_1198047,0
ISIC_1198405,0
ISIC_1198929,0
ISIC_1199706,0
ISIC_1199843,0
ISIC_1199920,0
ISIC_1200075,0
ISIC_1200689,0
ISIC_1200790,0
ISIC_1200819,0
ISIC_1200846,0
ISIC_1201523,0
ISIC_1201857,0
ISIC_1201873,0
ISIC_1202355,0
ISIC_1202785,0
ISIC_1202976,0
ISIC_1203254,0
ISIC_1203983,0
ISIC_1204284,0
ISIC_1205826,0
ISIC_1207371,0
ISIC_1207652,0
ISIC_1208705,0
ISIC_1208737,0
ISIC_1209492,0
ISIC_1210565,0
ISIC_1211506,0
ISIC_1212555,0
ISIC_1212587,0
ISIC_1213303,0
ISIC_1215640,0
ISIC_1216139,0
ISIC_1216381,0
ISIC_1216698,0
ISIC_1217314,0
ISIC_1218358,0
ISIC_1218931,0
ISIC_1219154,0
ISIC_1219427,0
ISIC_1219783,0
ISIC_1220029,0
ISIC_1221691,0
ISIC_1222905,0
ISIC_1223648,0
ISIC_1223849,0
ISIC_1225078,0
ISIC_1225511,0
ISIC_1226882,0
ISIC_1228909,0
ISIC_1229835,0
ISIC_1230738,0
ISIC_1231419,0
ISIC_1231722,0
ISIC_1233016,0
ISIC_1233389,0
ISIC_1233830,0
ISIC_1234240,0
ISIC_1234310,0
ISIC_1234618,0
ISIC_1236107,0
ISIC_1237266,0
ISIC_1237271,0
ISIC_1239373,0
ISIC_1239785,0
ISIC_1240189,0
ISIC_1240485,0
ISIC_1241645,0
ISIC_1241918,0
ISIC_1242543,0
ISIC_1242992,0
ISIC_1243346,0
ISIC_1243938,0
ISIC_1244831,0
ISIC_1245630,0
ISIC_1246184,0
ISIC_1247037,0
ISIC_1247254,0
ISIC_1247284,0
ISIC_1247979,0
ISIC_1248073,0
ISIC_1248372,0
ISIC_1249539,0
ISIC_1249665,0
ISIC_1249702,0
ISIC_1250266,0
ISIC_1250770,0
ISIC_1250861,0
ISIC_1251721,0
ISIC_1251811,0
ISIC_1252029,0
ISIC_1252871,0
ISIC_1252944,0
ISIC_1253009,0
ISIC_1253150,0
ISIC_1253292,0
ISIC_1254526,0
ISIC_1257854,0
ISIC_1258127,0
ISIC_1258271,0
ISIC_1258362,0
ISIC_1258756,0
ISIC_1258986,0
ISIC_1260545,0
ISIC_1261315,0
ISIC_1261939,0
ISIC_1262252,0
ISIC_1263378,0
ISIC_1263585,0
ISIC_1264576,0
ISIC_1264725,0
ISIC_1264914,0
ISIC_1264950,0
ISIC_1264993,0
ISIC_1265381,0
ISIC_1265653,0
ISIC_1267108,0
ISIC_1267793,0
ISIC_1268027,0
ISIC_1269048,0
ISIC_1269461,0
ISIC_1269601,0
ISIC_1270091,0
ISIC_1270305,0
ISIC_1270307,0
ISIC_1272768,0
ISIC_1273353,0
ISIC_1274150,0
ISIC_1274228,0
ISIC_1274851,0
ISIC_1275188,0
ISIC_1276037,0
ISIC_1277620,0
ISIC_1278629,0
ISIC_1280780,0
ISIC_1281285,0
ISIC_1282922,0
ISIC_1283320,0
ISIC_1283950,0
ISIC_1284397,0
ISIC_1284496,0
ISIC_1285870,0
ISIC_1285997,0
ISIC_1286857,0
ISIC_1287173,0
ISIC_1287370,0
ISIC_1288895,0
ISIC_1290295,0
ISIC_1290677,0
ISIC_1290920,0
ISIC_1292165,0
ISIC_1294456,0
ISIC_1297965,0
ISIC_1298092,0
ISIC_1299388,0
ISIC_1300318,0
ISIC_1300891,0
ISIC_1300967,0
ISIC_1301591,0
ISIC_1302264,0
ISIC_1302879,0
ISIC_1303315,0
ISIC_1304077,0
ISIC_1304291,0
ISIC_1304761,0
ISIC_1305537,0
ISIC_1306020,0
ISIC_1307651,0
ISIC_1307957,0
ISIC_1308177,0
ISIC_1308649,0
ISIC_1308938,0
ISIC_1309015,0
ISIC_1309130,0
ISIC_1310183,0
ISIC_1313105,0
ISIC_1313659,0
ISIC_1314417,0
ISIC_1314474,0
ISIC_1314502,0
ISIC_1315068,0
ISIC_1315123,0
ISIC_1316185,0
ISIC_1316518,0
ISIC_1317344,0
ISIC_1318137,0
ISIC_1318493,0
ISIC_1318781,0
ISIC_1320837,0
ISIC_1320957,0
ISIC_1321376,0
ISIC_1321427,0
ISIC_1322575,0
ISIC_1322621,0
ISIC_1323043,0
ISIC_1323048,0
ISIC_1323427,0
ISIC_1323471,0
ISIC_1323743,0
ISIC_1323775,0
ISIC_1323909,0
ISIC_1324208,0
ISIC_1324618,0
ISIC_1324816,0
ISIC_1325449,0
ISIC_1325727,0
ISIC_1326292,0
ISIC_1326295,0
ISIC_1326906,0
ISIC_1327412,0
ISIC_1327515,0
ISIC_1329146,0
ISIC_1329224,0
ISIC_1330008,0
ISIC_1330242,0
ISIC_1330546,0
ISIC_1330763,0
ISIC_1331104,0
ISIC_1331993,0
ISIC_1332309,0
ISIC_1332597,0
ISIC_1332766,0
ISIC_1333049,0
ISIC_1334438,0
ISIC_1336250,0
ISIC_1336351,0
ISIC_1336519,0
ISIC_1336572,0
ISIC_1336905,0
ISIC_1337144,0
ISIC_1337534,0
ISIC_1337726,0
ISIC_1338045,0
ISIC_1338055,0
ISIC_1338069,0
ISIC_1338882,0
ISIC_1338975,0
ISIC_1338986,0
ISIC_1339720,0
ISIC_1340435,0
ISIC_1341272,0
ISIC_1341445,0
ISIC_1342117,0
ISIC_1342801,0
ISIC_1343433,0
ISIC_1343607,0
ISIC_1344757,0
ISIC_1345925,0
ISIC_1346209,0
ISIC_1346347,0
ISIC_1347099,0
ISIC_1348050,0
ISIC_1348538,0
ISIC_1348539,0
ISIC_1348843,0
ISIC_1349042,0
ISIC_1349213,0
ISIC_1349353,0
ISIC_1349890,0
ISIC_1350659,0
ISIC_1350991,0
ISIC_1351048,0
ISIC_1351604,0
ISIC_1351682,0
ISIC_1351965,0
ISIC_1352190,0
ISIC_1352280,0
ISIC_1352631,0
ISIC_1353051,0
ISIC_1353094,0
ISIC_1353530,0
ISIC_1353532,0
ISIC_1353653,0
ISIC_1353668,0
ISIC_1353949,0
ISIC_1354862,0
ISIC_1355104,0
ISIC_1355214,0
ISIC_1355286,0
ISIC_1355494,0
ISIC_1355722,0
ISIC_1355907,0
ISIC_1356715,0
ISIC_1356907,0
ISIC_1357166,0
ISIC_1357175,0
ISIC_1358348,0
ISIC_1359296,0
ISIC_1359387,0
ISIC_1360595,0
ISIC_1361325,0
ISIC_1361355,0
ISIC_1361391,0
ISIC_1361832,0
ISIC_1362265,0
ISIC_1363047,0
ISIC_1363051,0
ISIC_1363299,0
ISIC_1363372,0
ISIC_1363718,0
ISIC_1363719,0
ISIC_1363787,0
ISIC_1365434,0
ISIC_1365628,0
ISIC_1366993,0
ISIC_1367357,0
ISIC_1367610,0
ISIC_1368217,0
ISIC_1368313,0
ISIC_1368336,0
ISIC_1368367,0
ISIC_1368549,0
ISIC_1369273,0
ISIC_1369310,0
ISIC_1369967,0
ISIC_1370142,0
ISIC_1371195,0
ISIC_1371223,0
ISIC_1372003,0
ISIC_1373468,0
ISIC_1373540,0
ISIC_1373747,0
ISIC_1373908,0
ISIC_1374795,0
ISIC_1375200,0
ISIC_1375476,0
ISIC_1376528,0
ISIC_1377133,0
ISIC_1379601,0
ISIC_1380069,0
ISIC_1382198,0
ISIC_1382220,0
ISIC_1382677,0
ISIC_1382763,0
ISIC_1383347,0
ISIC_1383822,0
ISIC_1384176,0
ISIC_1384331,0
ISIC_1384413,0
ISIC_1384527,0
ISIC_1384614,0
ISIC_1384932,0
ISIC_1385033,0
ISIC_1385122,0
ISIC_1385549,0
ISIC_1386612,0
ISIC_1386874,0
ISIC_1387456,0
ISIC_1387589,0
ISIC_1387722,0
ISIC_1388032,0
ISIC_1388230,0
ISIC_1388552,0
ISIC_1388650,0
ISIC_1388822,0
ISIC_1388984,0
ISIC_1389141,0
ISIC_1389438,0
ISIC_1389563,0
ISIC_1389620,0
ISIC_1390111,0
ISIC_1390222,0
ISIC_1390308,0
ISIC_1390987,0
ISIC_1391191,0
ISIC_1391289,0
ISIC_1392459,0
ISIC_1392702,0
ISIC_1392776,0
ISIC_1392808,0
ISIC_1393085,0
ISIC_1393528,0
ISIC_1393672,0
ISIC_1393849,0
ISIC_1394013,0
ISIC_1394029,0
ISIC_1394746,0
ISIC_1395443,0
ISIC_1395471,0
ISIC_1396321,0
ISIC_1396510,0
ISIC_1396573,0
ISIC_1396767,0
ISIC_1396857,0
ISIC_1397669,0
ISIC_1398480,0
ISIC_1398485,0
ISIC_1398618,0
ISIC_1398930,0
ISIC_1399572,0
ISIC_1399694,0
ISIC_1399765,0
ISIC_1400235,0
ISIC_1400825,0
ISIC_1401045,0
ISIC_1401235,0
ISIC_1401396,0
ISIC_1402103,0
ISIC_1402148,0
ISIC_1402884,0
ISIC_1403974,0
ISIC_1404148,0
ISIC_1408033,0
ISIC_1409677,0
ISIC_1410344,0
ISIC_1410481,0
ISIC_1410927,0
ISIC_1411366,0
ISIC_1411384,0
ISIC_1411567,0
ISIC_1412137,0
ISIC_1412350,0
ISIC_1412843,0
ISIC_1412906,0
ISIC_1412976,0
ISIC_1413120,0
ISIC_1413242,0
ISIC_1413343,0
ISIC_1413366,0
ISIC_1414224,0
ISIC_1414247,0
ISIC_1414751,0
ISIC_1414967,0
ISIC_1416869,0
ISIC_1416995,0
ISIC_1417643,0
ISIC_1418391,0
ISIC_1418941,0
ISIC_1419510,0
ISIC_1419980,0
ISIC_1420555,0
ISIC_1421568,0
ISIC_1422217,0
ISIC_1422429,0
ISIC_1422973,0
ISIC_1423497,0
ISIC_1424529,0
ISIC_1425404,0
ISIC_1425958,0
ISIC_1425961,0
ISIC_1426781,0
ISIC_1426974,0
ISIC_1427744,0
ISIC_1428310,0
ISIC_1428473,0
ISIC_1429159,0
ISIC_1429437,0
ISIC_1429439,0
ISIC_1429608,0
ISIC_1429954,0
ISIC_1431236,0
ISIC_1431332,0
ISIC_1431777,0
ISIC_1432058,0
ISIC_1433669,0
ISIC_1434244,0
ISIC_1434362,0
ISIC_1435102,0
ISIC_1435455,0
ISIC_1435946,0
ISIC_1436124,0
ISIC_1436341,0
ISIC_1436572,0
ISIC_1436856,0
ISIC_1436929,0
ISIC_1437020,0
ISIC_1437529,0
ISIC_1437718,0
ISIC_1437817,0
ISIC_1437974,0
ISIC_1438382,0
ISIC_1438584,0
ISIC_1438669,0
ISIC_1439681,0
ISIC_1440033,0
ISIC_1440361,0
ISIC_1440377,0
ISIC_1440985,0
ISIC_1441211,0
ISIC_1442157,0
ISIC_1444154,0
ISIC_1444214,0
ISIC_1444573,0
ISIC_1444918,0
ISIC_1445277,0
ISIC_1445790,0
ISIC_1445957,0
ISIC_1446344,0
ISIC_1447118,0
ISIC_1447559,0
ISIC_1448526,0
ISIC_1449915,0
ISIC_1450273,0
ISIC_1450474,0
ISIC_1450548,0
ISIC_1450745,0
ISIC_1451530,0
ISIC_1452175,0
ISIC_1452259,0
ISIC_1452314,0
ISIC_1452549,0
ISIC_1452626,0
ISIC_1453053,0
ISIC_1453146,0
ISIC_1453526,0
ISIC_1453671,0
ISIC_1453787,0
ISIC_1453899,0
ISIC_1454004,0
ISIC_1454692,0
ISIC_1455332,0
ISIC_1455822,0
ISIC_1456390,0
ISIC_1456444,0
ISIC_1456623,0
ISIC_1456688,0
ISIC_1457263,0
ISIC_1457687,0
ISIC_1459086,0
ISIC_1459948,0
ISIC_1460088,0
ISIC_1460786,0
ISIC_1460932,0
ISIC_1461068,0
ISIC_1461507,0
ISIC_1463850,0
ISIC_1464217,0
ISIC_1464284,0
ISIC_1464939,0
ISIC_1465113,0
ISIC_1465841,0
ISIC_1465913,0
ISIC_1466051,0
ISIC_1466584,0
ISIC_1467006,0
ISIC_1467083,0
ISIC_1467232,0
ISIC_1467289,0
ISIC_1467552,0
ISIC_1468122,0
ISIC_1468241,0
ISIC_1469380,0
ISIC_1469636,0
ISIC_1469861,0
ISIC_1470522,0
ISIC_1470642,0
ISIC_1470917,0
ISIC_1470934,0
ISIC_1471329,0
ISIC_1471394,0
ISIC_1471649,0
ISIC_1472637,0
ISIC_1472777,0
ISIC_1473139,0
ISIC_1473379,0
ISIC_1473511,0
ISIC_1473522,0
ISIC_1474577,0
ISIC_1475463,0
ISIC_1475598,0
ISIC_1476176,0
ISIC_1476281,0
ISIC_1476323,0
ISIC_1476361,0
ISIC_1477057,0
ISIC_1477076,0
ISIC_1477534,0
ISIC_1477615,0
ISIC_1477664,0
ISIC_1477990,0
ISIC_1478794,0
ISIC_1479073,0
ISIC_1479521,0
ISIC_1479592,0
ISIC_1479822,0
ISIC_1479891,0
ISIC_1479949,0
ISIC_1480119,0
ISIC_1480787,0
ISIC_1481147,0
ISIC_1481473,0
ISIC_1481965,0
ISIC_1482346,0
ISIC_1482710,0
ISIC_1483503,0
ISIC_1483604,0
ISIC_1483952,0
ISIC_1484109,0
ISIC_1484525,0
ISIC_1484621,0
ISIC_1484659,0
ISIC_1484841,0
ISIC_1485132,0
ISIC_1485908,0
ISIC_1486076,0
ISIC_1486209,0
ISIC_1486589,0
ISIC_1487253,0
ISIC_1487443,0
ISIC_1487601,0
ISIC_1487640,0
ISIC_1487670,0
ISIC_1487856,0
ISIC_1488047,0
ISIC_1488569,0
ISIC_1488725,0
ISIC_1488727,0
ISIC_1489699,0
ISIC_1489934,0
ISIC_1490117,0
ISIC_1490161,0
ISIC_1491993,0
ISIC_1492455,0
ISIC_1492760,0
ISIC_1493235,0
ISIC_1493314,0
ISIC_1494688,0
ISIC_1495182,0
ISIC_1495792,0
ISIC_1495793,0
ISIC_1496111,0
ISIC_1496194,0
ISIC_1497049,0
ISIC_1497180,0
ISIC_1497525,0
ISIC_1497576,0
ISIC_1497800,0
ISIC_1497992,0
ISIC_1499915,0
ISIC_1500060,0
ISIC_1500139,0
ISIC_1500815,0
ISIC_1500843,0
ISIC_1501483,0
ISIC_1502140,0
ISIC_1502309,0
ISIC_1502442,0
ISIC_1503020,0
ISIC_1504257,0
ISIC_1505951,0
ISIC_1505989,0
ISIC_1506285,0
ISIC_1506528,0
ISIC_1506794,0
ISIC_1506912,0
ISIC_1506954,0
ISIC_1507010,0
ISIC_1507333,0
ISIC_1507577,0
ISIC_1507583,0
ISIC_1508733,0
ISIC_1508810,0
ISIC_1509056,0
ISIC_1509246,0
ISIC_1509417,0
ISIC_1509635,0
ISIC_1509976,0
ISIC_1510207,0
ISIC_1510504,0
ISIC_1510984,0
ISIC_1511536,0
ISIC_1511661,0
ISIC_1511913,0
ISIC_1513596,0
ISIC_1513720,0
ISIC_1514098,0
ISIC_1514117,0
ISIC_1514228,0
ISIC_1514364,0
ISIC_1514401,0
ISIC_1514642,0
ISIC_1514920,0
ISIC_1515413,0
ISIC_1515543,0
ISIC_1515947,0
ISIC_1517999,0
ISIC_1518678,0
ISIC_1519000,0
ISIC_1519429,0
ISIC_1519645,0
ISIC_1519698,0
ISIC_1519891,0
ISIC_1520342,0
ISIC_1521803,0
ISIC_1522268,0
ISIC_1522625,0
ISIC_1523062,0
ISIC_1525284,0
ISIC_1526547,0
ISIC_1526593,0
ISIC_1527418,0
ISIC_1527888,0
ISIC_1528092,0
ISIC_1528643,0
ISIC_1529534,0
ISIC_1530981,0
ISIC_1531048,0
ISIC_1531548,0
ISIC_1531971,0
ISIC_1532403,0
ISIC_1532684,0
ISIC_1534391,0
ISIC_1534800,0
ISIC_1535233,0
ISIC_1536126,0
ISIC_1536177,0
ISIC_1537141,0
ISIC_1537566,0
ISIC_1537638,0
ISIC_1537939,0
ISIC_1537958,0
ISIC_1538414,0
ISIC_1539769,0
ISIC_1541303,0
ISIC_1541348,0
ISIC_1541362,0
ISIC_1541659,0
ISIC_1541817,0
ISIC_1542389,0
ISIC_1543544,0
ISIC_1543770,0
ISIC_1543862,0
ISIC_1544093,0
ISIC_1545353,0
ISIC_1545489,0
ISIC_1545544,0
ISIC_1545675,0
ISIC_1545851,0
ISIC_1546149,0
ISIC_1546653,0
ISIC_1546811,0
ISIC_1546958,0
ISIC_1547311,0
ISIC_1548258,0
ISIC_1549005,0
ISIC_1549804,0
ISIC_1549857,0
ISIC_1550427,0
ISIC_1550621,0
ISIC_1550721,0
ISIC_1551130,0
ISIC_1551323,0
ISIC_1552232,0
ISIC_1552507,0
ISIC_1552570,0
ISIC_1553853,0
ISIC_1554131,0
ISIC_1554843,0
ISIC_1554893,0
ISIC_1554992,0
ISIC_1555147,0
ISIC_1556209,0
ISIC_1556765,0
ISIC_1556906,0
ISIC_1557301,0
ISIC_1558639,0
ISIC_1558731,0
ISIC_1559267,0
ISIC_1559422,0
ISIC_1560272,0
ISIC_1560455,0
ISIC_1560888,0
ISIC_1561177,0
ISIC_1561369,0
ISIC_1562512,0
ISIC_1562894,0
ISIC_1564127,0
ISIC_1564564,0
ISIC_1564741,0
ISIC_1565384,0
ISIC_1565567,0
ISIC_1565701,0
ISIC_1565767,0
ISIC_1565890,0
ISIC_1566312,0
ISIC_1566381,0
ISIC_1566931,0
ISIC_1567128,0
ISIC_1567219,0
ISIC_1567686,0
ISIC_1567899,0
ISIC_1568752,0
ISIC_1569119,0
ISIC_1569403,0
ISIC_1569775,0
ISIC_1570468,0
ISIC_1570580,0
ISIC_1570758,0
ISIC_1570960,0
ISIC_1571442,0
ISIC_1571498,0
ISIC_1571860,0
ISIC_1572182,0
ISIC_1573677,0
ISIC_1573974,0
ISIC_1574020,0
ISIC_1574123,0
ISIC_1574374,0
ISIC_1574947,0
ISIC_1576437,0
ISIC_1576838,0
ISIC_1577472,0
ISIC_1578194,0
ISIC_1578203,0
ISIC_1578253,0
ISIC_1578391,0
ISIC_1578399,0
ISIC_1578705,0
ISIC_1578811,0
ISIC_1579116,0
ISIC_1579497,0
ISIC_1579745,0
ISIC_1580022,0
ISIC_1580034,0
ISIC_1580068,0
ISIC_1580619,0
ISIC_1580767,0
ISIC_1581026,0
ISIC_1581376,0
ISIC_1582030,0
ISIC_1582969,0
ISIC_1583201,0
ISIC_1583715,0
ISIC_1584187,0
ISIC_1584543,0
ISIC_1584693,0
ISIC_1584861,0
ISIC_1585370,0
ISIC_1585604,0
ISIC_1585605,0
ISIC_1585919,0
ISIC_1587362,0
ISIC_1588022,0
ISIC_1588382,0
ISIC_1589136,0
ISIC_1589997,0
ISIC_1590725,0
ISIC_1590814,0
ISIC_1590877,0
ISIC_1591010,0
ISIC_1591911,0
ISIC_1591931,0
ISIC_1592517,0
ISIC_1592715,0
ISIC_1593175,0
ISIC_1593260,0
ISIC_1593431,0
ISIC_1594110,0
ISIC_1594422,0
ISIC_1594456,0
ISIC_1595103,0
ISIC_1595157,0
ISIC_1595325,0
ISIC_1595496,0
ISIC_1595760,0
ISIC_1596868,0
ISIC_1597414,0
ISIC_1597566,0
ISIC_1598039,0
ISIC_1598478,0
ISIC_1599163,0
ISIC_1599679,0
ISIC_1600448,0
ISIC_1600554,0
ISIC_1600975,0
ISIC_1601244,0
ISIC_1601623,0
ISIC_1601764,0
ISIC_1603834,0
ISIC_1604206,0
ISIC_1604307,0
ISIC_1604845,0
ISIC_1604935,0
ISIC_1605629,0
ISIC_1605937,0
ISIC_1605988,0
ISIC_1606970,0
ISIC_1607824,0
ISIC_1607971,0
ISIC_1608192,0
ISIC_1608524,0
ISIC_1608727,0
ISIC_1608772,0
ISIC_1610092,0
ISIC_1610104,0
ISIC_1610401,0
ISIC_1611092,0
ISIC_1611285,0
ISIC_1611503,0
ISIC_1611600,0
ISIC_1611703,0
ISIC_1612350,0
ISIC_1612947,0
ISIC_1613292,0
ISIC_1613328,0
ISIC_1614400,0
ISIC_1615996,0
ISIC_1616031,0
ISIC_1616451,0
ISIC_1617139,0
ISIC_1617282,0
ISIC_1617520,0
ISIC_1617676,0
ISIC_1617896,0
ISIC_1618302,0
ISIC_1618305,0
ISIC_1619011,0
ISIC_1619640,0
ISIC_1619814,0
ISIC_1620401,0
ISIC_1620808,0
ISIC_1621431,0
ISIC_1621479,0
ISIC_1621961,0
ISIC_1624520,0
ISIC_1624873,0
ISIC_1625064,0
ISIC_1625688,0
ISIC_1626033,0
ISIC_1626069,0
ISIC_1626359,0
ISIC_1626814,0
ISIC_1626834,0
ISIC_1626843,0
ISIC_1627019,0
ISIC_1627111,0
ISIC_1627241,0
ISIC_1627328,0
ISIC_1627427,0
ISIC_1627900,0
ISIC_1628425,0
ISIC_1628539,0
ISIC_1628853,0
ISIC_1629433,0
ISIC_1629539,0
ISIC_1630301,0
ISIC_1630515,0
ISIC_1631050,0
ISIC_1631082,0
ISIC_1631125,0
ISIC_1631440,0
ISIC_1631649,0
ISIC_1632009,0
ISIC_1632118,0
ISIC_1632313,0
ISIC_1632655,0
ISIC_1632696,0
ISIC_1632949,0
ISIC_1633078,0
ISIC_1633315,0
ISIC_1633379,0
ISIC_1633816,0
ISIC_1635633,0
ISIC_1636399,0
ISIC_1636849,0
ISIC_1636931,0
ISIC_1636996,0
ISIC_1637536,0
ISIC_1637671,0
ISIC_1637750,0
ISIC_1638436,0
ISIC_1638625,0
ISIC_1638953,0
ISIC_1639011,0
ISIC_1639343,0
ISIC_1639570,0
ISIC_1639605,0
ISIC_1639765,0
ISIC_1640023,0
ISIC_1640113,0
ISIC_1640164,0
ISIC_1640392,0
ISIC_1640426,0
ISIC_1640614,0
ISIC_1640823,0
ISIC_1641032,0
ISIC_1641226,0
ISIC_1641298,0
ISIC_1641301,0
ISIC_1641366,0
ISIC_1641476,0
ISIC_1641637,0
ISIC_1641823,0
ISIC_1642090,0
ISIC_1642131,0
ISIC_1642421,0
ISIC_1642492,0
ISIC_1642618,0
ISIC_1643439,0
ISIC_1643932,0
ISIC_1643979,0
ISIC_1644520,0
ISIC_1644625,0
ISIC_1645535,0
ISIC_1645587,0
ISIC_1645738,0
ISIC_1646694,0
ISIC_1646813,0
ISIC_1646954,0
ISIC_1648233,0
ISIC_1648826,0
ISIC_1649410,0
ISIC_1650001,0
ISIC_1650127,0
ISIC_1650233,0
ISIC_1650523,0
ISIC_1651402,0
ISIC_1652008,0
ISIC_1652015,0
ISIC_1652238,0
ISIC_1652568,0
ISIC_1652746,0
ISIC_1652897,0
ISIC_1653156,0
ISIC_1653309,0
ISIC_1653366,0
ISIC_1654183,0
ISIC_1654318,0
ISIC_1654342,0
ISIC_1654357,0
ISIC_1655469,0
ISIC_1655475,0
ISIC_1655513,0
ISIC_1655590,0
ISIC_1655600,0
ISIC_1655662,0
ISIC_1655731,0
ISIC_1656255,0
ISIC_1656510,0
ISIC_1656752,0
ISIC_1657007,0
ISIC_1657434,0
ISIC_1657475,0
ISIC_1658065,0
ISIC_1658623,0
ISIC_1658780,0
ISIC_1658978,0
ISIC_1659054,0
ISIC_1659460,0
ISIC_1659777,0
ISIC_1660143,0
ISIC_1660316,0
ISIC_1660381,0
ISIC_1660495,0
ISIC_1660565,0
ISIC_1661324,0
ISIC_1661411,0
ISIC_1661837,0
ISIC_1662344,0
ISIC_1662872,0
ISIC_1663002,0
ISIC_1664345,0
ISIC_1664534,0
ISIC_1664845,0
ISIC_1665118,0
ISIC_1665153,0
ISIC_1665248,0
ISIC_1665254,0
ISIC_1665735,0
ISIC_1665944,0
ISIC_1666470,0
ISIC_1666516,0
ISIC_1666840,0
ISIC_1667579,0
ISIC_1667953,0
ISIC_1668346,0
ISIC_1668944,0
ISIC_1669323,0
ISIC_1669486,0
ISIC_1669561,0
ISIC_1669804,0
ISIC_1670106,0
ISIC_1671258,0
ISIC_1671282,0
ISIC_1672458,0
ISIC_1672661,0
ISIC_1672688,0
ISIC_1672779,0
ISIC_1674126,0
ISIC_1674580,0
ISIC_1674754,0
ISIC_1674776,0
ISIC_1675800,0
ISIC_1675806,0
ISIC_1675814,0
ISIC_1675915,0
ISIC_1676261,0
ISIC_1676353,0
ISIC_1676689,0
ISIC_1676778,0
ISIC_1676844,0
ISIC_1677088,0
ISIC_1677092,0
ISIC_1678175,0
ISIC_1678872,0
ISIC_1680153,0
ISIC_1680502,0
ISIC_1680600,0
ISIC_1681627,0
ISIC_1681934,0
ISIC_1681964,0
ISIC_1682693,0
ISIC_1683052,0
ISIC_1684067,0
ISIC_1684107,0
ISIC_1684266,0
ISIC_1684829,0
ISIC_1685257,0
ISIC_1685333,0
ISIC_1685653,0
ISIC_1685833,0
ISIC_1686113,0
ISIC_1686556,0
ISIC_1687004,0
ISIC_1687278,0
ISIC_1687584,0
ISIC_1688160,0
ISIC_1688271,0
ISIC_1688301,0
ISIC_1688776,0
ISIC_1689678,0
ISIC_1689686,0
ISIC_1690499,0
ISIC_1690665,0
ISIC_1690909,0
ISIC_1691050,0
ISIC_1691175,0
ISIC_1691387,0
ISIC_1691676,0
ISIC_1691732,0
ISIC_1691740,0
ISIC_1691901,0
ISIC_1692144,0
ISIC_1692734,0
ISIC_1692939,0
ISIC_1693454,0
ISIC_1693458,0
ISIC_1693686,0
ISIC_1693912,0
ISIC_1695065,0
ISIC_1695158,0
ISIC_1695424,0
ISIC_1695724,0
ISIC_1695805,0
ISIC_1696070,0
ISIC_1696516,0
ISIC_1696862,0
ISIC_1697381,0
ISIC_1697847,0
ISIC_1698119,0
ISIC_1698228,0
ISIC_1698805,0
ISIC_1698942,0
ISIC_1699154,0
ISIC_1699221,0
ISIC_1699530,0
ISIC_1700029,0
ISIC_1700051,0
ISIC_1700513,0
ISIC_1700687,0
ISIC_1700928,0
ISIC_1702152,0
ISIC_1703130,0
ISIC_1706318,0
ISIC_1706950,0
ISIC_1706973,0
ISIC_1707030,0
ISIC_1707324,0
ISIC_1707420,0
ISIC_1708068,0
ISIC_1708681,0
ISIC_1709233,0
ISIC_1709377,0
ISIC_1709788,0
ISIC_1709900,0
ISIC_1710179,0
ISIC_1710970,0
ISIC_1711185,0
ISIC_1711408,0
ISIC_1711643,0
ISIC_1711706,0
ISIC_1711973,0
ISIC_1713413,0
ISIC_1714635,0
ISIC_1714905,0
ISIC_1714941,0
ISIC_1715007,0
ISIC_1715277,0
ISIC_1715406,0
ISIC_1715821,0
ISIC_1716135,0
ISIC_1716193,0
ISIC_1716299,0
ISIC_1718403,0
ISIC_1718418,0
ISIC_1718707,0
ISIC_1719236,0
ISIC_1719300,0
ISIC_1719433,0
ISIC_1719523,0
ISIC_1720411,0
ISIC_1720856,0
ISIC_1722135,0
ISIC_1722494,0
ISIC_1722909,0
ISIC_1723279,0
ISIC_1723904,0
ISIC_1725019,0
ISIC_1725541,0
ISIC_1725961,0
ISIC_1726410,0
ISIC_1726444,0
ISIC_1727369,0
ISIC_1727499,0
ISIC_1727542,0
ISIC_1727826,0
ISIC_1728198,0
ISIC_1728564,0
ISIC_1728767,0
ISIC_1729039,0
ISIC_1729223,0
ISIC_1729351,0
ISIC_1729465,0
ISIC_1729949,0
ISIC_1730202,0
ISIC_1730282,0
ISIC_1730477,0
ISIC_1730495,0
ISIC_1731109,0
ISIC_1731230,0
ISIC_1731411,0
ISIC_1731721,0
ISIC_1732527,0
ISIC_1732652,0
ISIC_1732761,0
ISIC_1733108,0
ISIC_1733239,0
ISIC_1733794,0
ISIC_1733995,0
ISIC_1734817,0
ISIC_1735703,0
ISIC_1736735,0
ISIC_1736914,0
ISIC_1737247,0
ISIC_1737276,0
ISIC_1737600,0
ISIC_1738296,0
ISIC_1738297,0
ISIC_1738649,0
ISIC_1738738,0
ISIC_1739120,0
ISIC_1739659,0
ISIC_1739667,0
ISIC_1739742,0
ISIC_1739748,0
ISIC_1740186,0
ISIC_1740379,0
ISIC_1740430,0
ISIC_1740912,0
ISIC_1740983,0
ISIC_1741219,0
ISIC_1741747,0
ISIC_1743989,0
ISIC_1744704,0
ISIC_1744817,0
ISIC_1744866,0
ISIC_1745182,0
ISIC_1745458,0
ISIC_1745477,0
ISIC_1745731,0
ISIC_1745816,0
ISIC_1746070,0
ISIC_1746081,0
ISIC_1746702,0
ISIC_1746717,0
ISIC_1746873,0
ISIC_1746875,0
ISIC_1747417,0
ISIC_1747531,0
ISIC_1748718,0
ISIC_1748719,0
ISIC_1748818,0
ISIC_1748931,0
ISIC_1749857,0
ISIC_1750064,0
ISIC_1750235,0
ISIC_1750424,0
ISIC_1750674,0
ISIC_1752228,0
ISIC_1752306,0
ISIC_1752589,0
ISIC_1752665,0
ISIC_1752943,0
ISIC_1753040,0
ISIC_1753360,0
ISIC_1753391,0
ISIC_1753877,0
ISIC_1754140,0
ISIC_1755019,0
ISIC_1755832,0
ISIC_1756265,0
ISIC_1756660,0
ISIC_1756982,0
ISIC_1757941,0
ISIC_1758119,0
ISIC_1758149,0
ISIC_1758397,0
ISIC_1758558,0
ISIC_1759817,0
ISIC_1760981,0
ISIC_1761138,0
ISIC_1761799,0
ISIC_1761878,0
ISIC_1762555,0
ISIC_1763257,0
ISIC_1763264,0
ISIC_1763556,0
ISIC_1763577,0
ISIC_1765453,0
ISIC_1766362,0
ISIC_1766413,0
ISIC_1766425,0
ISIC_1766601,0
ISIC_1766619,0
ISIC_1766774,0
ISIC_1767420,0
ISIC_1767633,0
ISIC_1767706,0
ISIC_1768051,0
ISIC_1768217,0
ISIC_1768243,0
ISIC_1768325,0
ISIC_1769209,0
ISIC_1769724,0
ISIC_1770027,0
ISIC_1770995,0
ISIC_1771244,0
ISIC_1771856,0
ISIC_1771944,0
ISIC_1772037,0
ISIC_1772523,0
ISIC_1772660,0
ISIC_1772759,0
ISIC_1772784,0
ISIC_1772828,0
ISIC_1774797,0
ISIC_1777142,0
ISIC_1777292,0
ISIC_1777398,0
ISIC_1777710,0
ISIC_1777763,0
ISIC_1778400,0
ISIC_1779443,0
ISIC_1779595,0
ISIC_1780417,0
ISIC_1780675,0
ISIC_1781273,0
ISIC_1781826,0
ISIC_1782545,0
ISIC_1782911,0
ISIC_1783021,0
ISIC_1783727,0
ISIC_1784255,0
ISIC_1784340,0
ISIC_1784613,0
ISIC_1784717,0
ISIC_1785095,0
ISIC_1785293,0
ISIC_1785314,0
ISIC_1785627,0
ISIC_1785671,0
ISIC_1785902,0
ISIC_1785976,0
ISIC_1786309,0
ISIC_1786464,0
ISIC_1787026,0
ISIC_1787444,0
ISIC_1787992,0
ISIC_1788314,0
ISIC_1788671,0
ISIC_1788746,0
ISIC_1788875,0
ISIC_1788979,0
ISIC_1789191,0
ISIC_1789408,0
ISIC_1790549,0
ISIC_1790808,0
ISIC_1790898,0
ISIC_1790960,0
ISIC_1791075,0
ISIC_1792109,0
ISIC_1792867,0
ISIC_1793200,0
ISIC_1793624,0
ISIC_1793821,0
ISIC_1793867,0
ISIC_1794022,0
ISIC_1794249,0
ISIC_1795004,0
ISIC_1795502,0
ISIC_1795529,0
ISIC_1795959,0
ISIC_1796223,0
ISIC_1796387,0
ISIC_1796649,0
ISIC_1796891,0
ISIC_1797104,0
ISIC_1797927,0
ISIC_1798050,0
ISIC_1798322,0
ISIC_1798423,0
ISIC_1798800,0
ISIC_1799365,0
ISIC_1799525,0
ISIC_1799849,0
ISIC_1800066,0
ISIC_1800762,0
ISIC_1801631,0
ISIC_1801687,0
ISIC_1801846,0
ISIC_1802502,0
ISIC_1802797,0
ISIC_1803252,0
ISIC_1803544,0
ISIC_1804993,0
ISIC_1805163,0
ISIC_1805602,0
ISIC_1806165,0
ISIC_1806179,0
ISIC_1806497,0
ISIC_1806761,0
ISIC_1807307,0
ISIC_1807319,0
ISIC_1807379,0
ISIC_1807395,0
ISIC_1807638,0
ISIC_1807764,0
ISIC_1807812,0
ISIC_1808198,0
ISIC_1808804,0
ISIC_1809444,0
ISIC_1809508,0
ISIC_1809912,0
ISIC_1809930,0
ISIC_1810207,0
ISIC_1810790,0
ISIC_1811256,0
ISIC_1813164,0
ISIC_1813240,0
ISIC_1813445,0
ISIC_1813911,0
ISIC_1815136,0
ISIC_1815282,0
ISIC_1815346,0
ISIC_1815593,0
ISIC_1816026,0
ISIC_1817714,0
ISIC_1818071,0
ISIC_1818845,0
ISIC_1818920,0
ISIC_1819071,0
ISIC_1819177,0
ISIC_1819531,0
ISIC_1819763,0
ISIC_1820389,0
ISIC_1821113,0
ISIC_1821482,0
ISIC_1821825,0
ISIC_1823006,0
ISIC_1823608,0
ISIC_1825131,0
ISIC_1825481,0
ISIC_1825673,0
ISIC_1826094,0
ISIC_1826225,0
ISIC_1826803,0
ISIC_1827859,0
ISIC_1828549,0
ISIC_1828652,0
ISIC_1829378,0
ISIC_1829654,0
ISIC_1829721,0
ISIC_1830017,0
ISIC_1831304,0
ISIC_1831600,0
ISIC_1832110,0
ISIC_1832582,0
ISIC_1833259,0
ISIC_1833337,0
ISIC_1834367,0
ISIC_1834416,0
ISIC_1834652,0
ISIC_1834920,0
ISIC_1835041,0
ISIC_1835426,0
ISIC_1835970,0
ISIC_1836352,0
ISIC_1836410,0
ISIC_1836687,0
ISIC_1836914,0
ISIC_1836973,0
ISIC_1837089,0
ISIC_1837402,0
ISIC_1837609,0
ISIC_1838216,0
ISIC_1838876,0
ISIC_1838888,0
ISIC_1838904,0
ISIC_1839929,0
ISIC_1840418,0
ISIC_1841164,0
ISIC_1841919,0
ISIC_1842021,0
ISIC_1842239,0
ISIC_1842503,0
ISIC_1843053,0
ISIC_1843497,0
ISIC_1843876,0
ISIC_1844425,0
ISIC_1844671,0
ISIC_1844824,0
ISIC_1845271,0
ISIC_1845331,0
ISIC_1845450,0
ISIC_1845580,0
ISIC_1845926,0
ISIC_1846341,0
ISIC_1846528,0
ISIC_1847200,0
ISIC_1847211,0
ISIC_1847285,0
ISIC_1847516,0
ISIC_1847556,0
ISIC_1847684,0
ISIC_1848297,0
ISIC_1849014,0
ISIC_1849151,0
ISIC_1849227,0
ISIC_1849442,0
ISIC_1850122,0
ISIC_1850196,0
ISIC_1850251,0
ISIC_1850483,0
ISIC_1850634,0
ISIC_1850790,0
ISIC_1850815,0
ISIC_1851112,0
ISIC_1851605,0
ISIC_1851709,0
ISIC_1851985,0
ISIC_1852015,0
ISIC_1852500,0
ISIC_1852883,0
ISIC_1852987,0
ISIC_1853067,0
ISIC_1853799,0
ISIC_1854129,0
ISIC_1854161,0
ISIC_1854320,0
ISIC_1854582,0
ISIC_1854603,0
ISIC_1855725,0
ISIC_1856556,0
ISIC_1857051,0
ISIC_1857406,0
ISIC_1857587,0
ISIC_1857989,0
ISIC_1858237,0
ISIC_1858805,0
ISIC_1858989,0
ISIC_1859500,0
ISIC_1859522,0
ISIC_1859531,0
ISIC_1859641,0
ISIC_1860049,0
ISIC_1860429,0
ISIC_1860548,0
ISIC_1861580,0
ISIC_1861662,0
ISIC_1862087,0
ISIC_1862691,0
ISIC_1862815,0
ISIC_1863917,0
ISIC_1864109,0
ISIC_1864210,0
ISIC_1864858,0
ISIC_1865060,0
ISIC_1865170,0
ISIC_1865347,0
ISIC_1866770,0
ISIC_1866859,0
ISIC_1867577,0
ISIC_1867635,0
ISIC_1867801,0
ISIC_1867838,0
ISIC_1867989,0
ISIC_1868315,0
ISIC_1868816,0
ISIC_1868991,0
ISIC_1869634,0
ISIC_1869829,0
ISIC_1869864,0
ISIC_1869958,0
ISIC_1870005,0
ISIC_1870184,0
ISIC_1870309,0
ISIC_1870377,0
ISIC_1870517,0
ISIC_1871497,0
ISIC_1871890,0
ISIC_1872534,0
ISIC_1872823,0
ISIC_1873035,0
ISIC_1873063,0
ISIC_1874377,0
ISIC_1874969,0
ISIC_1875086,0
ISIC_1875729,0
ISIC_1875839,0
ISIC_1875989,0
ISIC_1876009,0
ISIC_1876409,0
ISIC_1876799,0
ISIC_1877098,0
ISIC_1877216,0
ISIC_1878082,0
ISIC_1878422,0
ISIC_1878443,0
ISIC_1878481,0
ISIC_1878972,0
ISIC_1879936,0
ISIC_1880253,0
ISIC_1880403,0
ISIC_1880540,0
ISIC_1880716,0
ISIC_1880757,0
ISIC_1881035,0
ISIC_1881133,0
ISIC_1881268,0
ISIC_1881546,0
ISIC_1882367,0
ISIC_1882699,0
ISIC_1883160,0
ISIC_1883184,0
ISIC_1883402,0
ISIC_1883892,0
ISIC_1884038,0
ISIC_1884191,0
ISIC_1884256,0
ISIC_1884425,0
ISIC_1884710,0
ISIC_1885136,0
ISIC_1885174,0
ISIC_1886413,0
ISIC_1886460,0
ISIC_1886480,0
ISIC_1887093,0
ISIC_1887647,0
ISIC_1887768,0
ISIC_1888148,0
ISIC_1888185,0
ISIC_1888761,0
ISIC_1888865,0
ISIC_1890263,0
ISIC_1890460,0
ISIC_1890558,0
ISIC_1890831,0
ISIC_1891091,0
ISIC_1891419,0
ISIC_1891539,0
ISIC_1891677,0
ISIC_1892011,0
ISIC_1892887,0
ISIC_1894087,0
ISIC_1894133,0
ISIC_1894141,0
ISIC_1894639,0
ISIC_1894676,0
ISIC_1894782,0
ISIC_1896191,0
ISIC_1896306,0
ISIC_1896350,0
ISIC_1896364,0
ISIC_1896477,0
ISIC_1897312,0
ISIC_1897327,0
ISIC_1897994,0
ISIC_1899198,0
ISIC_1899683,0
ISIC_1900433,0
ISIC_1900558,0
ISIC_1900721,0
ISIC_1901204,0
ISIC_1901298,0
ISIC_1901615,0
ISIC_1902764,0
ISIC_1903346,0
ISIC_1903698,0
ISIC_1903848,0
ISIC_1904002,0
ISIC_1904579,0
ISIC_1905627,0
ISIC_1905855,0
ISIC_1906004,0
ISIC_1906141,0
ISIC_1907792,0
ISIC_1907829,0
ISIC_1907939,0
ISIC_1908781,0
ISIC_1908801,0
ISIC_1908893,0
ISIC_1910158,0
ISIC_1911193,0
ISIC_1911358,0
ISIC_1911390,0
ISIC_1911714,0
ISIC_1912518,0
ISIC_1912578,0
ISIC_1912902,0
ISIC_1915549,0
ISIC_1915890,0
ISIC_1915989,0
ISIC_1916757,0
ISIC_1917554,0
ISIC_1917856,0
ISIC_1919114,0
ISIC_1919324,0
ISIC_1922084,0
ISIC_1922645,0
ISIC_1922657,0
ISIC_1922844,0
ISIC_1924232,0
ISIC_1924663,0
ISIC_1924898,0
ISIC_1924949,0
ISIC_1925412,0
ISIC_1925495,0
ISIC_1925590,0
ISIC_1925695,0
ISIC_1926499,0
ISIC_1926856,0
ISIC_1928510,0
ISIC_1929320,0
ISIC_1929389,0
ISIC_1930604,0
ISIC_1932154,0
ISIC_1932394,0
ISIC_1932488,0
ISIC_1932729,0
ISIC_1933026,0
ISIC_1934283,0
ISIC_1935109,0
ISIC_1935643,0
ISIC_1935814,0
ISIC_1936882,0
ISIC_1937057,0
ISIC_1937197,0
ISIC_1937254,0
ISIC_1937534,0
ISIC_1937869,0
ISIC_1937955,0
ISIC_1938535,0
ISIC_1938549,0
ISIC_1939569,0
ISIC_1939931,0
ISIC_1940615,0
ISIC_1941920,0
ISIC_1942980,0
ISIC_1943439,0
ISIC_1944650,0
ISIC_1944712,0
ISIC_1944752,0
ISIC_1944783,0
ISIC_1944865,0
ISIC_1946157,0
ISIC_1947833,0
ISIC_1948097,0
ISIC_1949257,0
ISIC_1949446,0
ISIC_1950002,0
ISIC_1950282,0
ISIC_1951589,0
ISIC_1952049,0
ISIC_1952749,0
ISIC_1953293,0
ISIC_1953808,0
ISIC_1954217,0
ISIC_1954547,0
ISIC_1955511,0
ISIC_1956354,0
ISIC_1957299,0
ISIC_1957685,0
ISIC_1957989,0
ISIC_1958003,0
ISIC_1958612,0
ISIC_1959412,0
ISIC_1959529,0
ISIC_1959715,0
ISIC_1959939,0
ISIC_1960067,0
ISIC_1960360,0
ISIC_1960393,0
ISIC_1960446,0
ISIC_1961064,0
ISIC_1961213,0
ISIC_1961412,0
ISIC_1961810,0
ISIC_1962482,0
ISIC_1962639,0
ISIC_1963919,0
ISIC_1964157,0
ISIC_1964243,0
ISIC_1964334,0
ISIC_1964624,0
ISIC_1965598,0
ISIC_1965814,0
ISIC_1966014,0
ISIC_1966916,0
ISIC_1967171,0
ISIC_1967178,0
ISIC_1967651,0
ISIC_1968421,0
ISIC_1968712,0
ISIC_1969322,0
ISIC_1970027,0
ISIC_1971370,0
ISIC_1972082,0
ISIC_1972293,0
ISIC_1972876,0
ISIC_1973320,0
ISIC_1973447,0
ISIC_1973700,0
ISIC_1973815,0
ISIC_1974094,0
ISIC_1974152,0
ISIC_1974281,0
ISIC_1974530,0
ISIC_1974777,0
ISIC_1974894,0
ISIC_1975192,0
ISIC_1975265,0
ISIC_1975665,0
ISIC_1976135,0
ISIC_1976244,0
ISIC_1976332,0
ISIC_1976444,0
ISIC_1977026,0
ISIC_1977110,0
ISIC_1977122,0
ISIC_1977265,0
ISIC_1977315,0
ISIC_1978228,0
ISIC_1978439,0
ISIC_1979996,0
ISIC_1980111,0
ISIC_1980135,0
ISIC_1981133,0
ISIC_1983507,0
ISIC_1984442,0
ISIC_1984995,0
ISIC_1985763,0
ISIC_1985789,0
ISIC_1985824,0
ISIC_1985984,0
ISIC_1986371,0
ISIC_1988058,0
ISIC_1988080,0
ISIC_1988335,0
ISIC_1988336,0
ISIC_1988596,0
ISIC_1988781,0
ISIC_1989037,0
ISIC_1989365,0
ISIC_1990046,0
ISIC_1990429,0
ISIC_1990520,0
ISIC_1990651,0
ISIC_1991054,0
ISIC_1991157,0
ISIC_1992621,0
ISIC_1993374,0
ISIC_1994499,0
ISIC_1994545,0
ISIC_1995369,0
ISIC_1995882,0
ISIC_1996356,0
ISIC_1996538,0
ISIC_1998849,0
ISIC_2000040,0
ISIC_2000240,0
ISIC_2000319,0
ISIC_2000346,0
ISIC_2000790,0
ISIC_2000959,0
ISIC_2001320,0
ISIC_2001699,0
ISIC_2002463,0
ISIC_2002605,0
ISIC_2002709,0
ISIC_2003200,0
ISIC_2003357,0
ISIC_2004139,0
ISIC_2005810,0
ISIC_2005921,0
ISIC_2006235,0
ISIC_2006424,0
ISIC_2007034,0
ISIC_2007864,0
ISIC_2008230,0
ISIC_2008958,0
ISIC_2009728,0
ISIC_2009761,0
ISIC_2010698,0
ISIC_2010700,0
ISIC_2010841,0
ISIC_2011145,0
ISIC_2011299,0
ISIC_2011758,0
ISIC_2011808,0
ISIC_2012031,0
ISIC_2012509,0
ISIC_2012659,0
ISIC_2013664,0
ISIC_2014399,0
ISIC_2014953,0
ISIC_2015265,0
ISIC_2015266,0
ISIC_2015293,0
ISIC_2015441,0
ISIC_2016546,0
ISIC_2017710,0
ISIC_2017991,0
ISIC_2019110,0
ISIC_2019149,0
ISIC_2021413,0
ISIC_2022525,0
ISIC_2023198,0
ISIC_2023592,0
ISIC_2023594,0
ISIC_2024062,0
ISIC_2024384,0
ISIC_2027490,0
ISIC_2027628,0
ISIC_2027705,0
ISIC_2027733,0
ISIC_2029351,0
ISIC_2030101,0
ISIC_2030997,0
ISIC_2031177,0
ISIC_2031252,0
ISIC_2031626,0
ISIC_2031794,0
ISIC_2032815,0
ISIC_2032923,0
ISIC_2033046,0
ISIC_2033106,0
ISIC_2033237,0
ISIC_2033980,0
ISIC_2034147,0
ISIC_2034313,0
ISIC_2034687,0
ISIC_2034923,0
ISIC_2035134,0
ISIC_2036043,0
ISIC_2036058,0
ISIC_2037182,0
ISIC_2037202,0
ISIC_2037324,0
ISIC_2037328,0
ISIC_2038024,0
ISIC_2038298,0
ISIC_2038480,0
ISIC_2039259,0
ISIC_2040268,0
ISIC_2041109,0
ISIC_2041385,0
ISIC_2041726,0
ISIC_2042483,0
ISIC_2042797,0
ISIC_2042953,0
ISIC_2043431,0
ISIC_2043662,0
ISIC_2043857,0
ISIC_2044613,0
ISIC_2045377,0
ISIC_2045468,0
ISIC_2046079,0
ISIC_2046891,0
ISIC_2047791,0
ISIC_2048638,0
ISIC_2048945,0
ISIC_2048995,0
ISIC_2049836,0
ISIC_2050288,0
ISIC_2050512,0
ISIC_2050638,0
ISIC_2051278,0
ISIC_2051486,0
ISIC_2051564,0
ISIC_2052529,0
ISIC_2052603,0
ISIC_2053051,0
ISIC_2054436,0
ISIC_2054705,0
ISIC_2055859,0
ISIC_2056104,0
ISIC_2056352,0
ISIC_2056468,0
ISIC_2057074,0
ISIC_2057729,0
ISIC_2057990,0
ISIC_2058126,0
ISIC_2059085,0
ISIC_2059420,0
ISIC_2059481,0
ISIC_2060202,0
ISIC_2061063,0
ISIC_2061854,0
ISIC_2063071,0
ISIC_2063479,0
ISIC_2063937,0
ISIC_2064084,0
ISIC_2064350,0
ISIC_2064819,0
ISIC_2066127,0
ISIC_2066146,0
ISIC_2066616,0
ISIC_2066654,0
ISIC_2067317,0
ISIC_2068866,0
ISIC_2068908,0
ISIC_2070441,0
ISIC_2070595,0
ISIC_2070718,0
ISIC_2070726,0
ISIC_2071317,0
ISIC_2071418,0
ISIC_2071966,0
ISIC_2072308,0
ISIC_2072760,0
ISIC_2073530,0
ISIC_2073666,0
ISIC_2073967,0
ISIC_2073994,0
ISIC_2074396,0
ISIC_2074649,0
ISIC_2074764,0
ISIC_2074993,0
ISIC_2075054,0
ISIC_2075372,0
ISIC_2075546,0
ISIC_2075596,0
ISIC_2075799,0
ISIC_2077116,0
ISIC_2077460,0
ISIC_2078053,0
ISIC_2078787,0
ISIC_2078928,0
ISIC_2079078,0
ISIC_2079121,0
ISIC_2081489,0
ISIC_2082114,0
ISIC_2082721,0
ISIC_2083499,0
ISIC_2083677,0
ISIC_2084963,0
ISIC_2086082,0
ISIC_2086525,0
ISIC_2086540,0
ISIC_2086668,0
ISIC_2087446,0
ISIC_2087826,0
ISIC_2087913,0
ISIC_2089231,0
ISIC_2091698,0
ISIC_2092685,0
ISIC_2092879,0
ISIC_2092911,0
ISIC_2092968,0
ISIC_2093167,0
ISIC_2093476,0
ISIC_2093604,0
ISIC_2093777,0
ISIC_2094064,0
ISIC_2094198,0
ISIC_2094324,0
ISIC_2094598,0
ISIC_2094603,0
ISIC_2095347,0
ISIC_2096870,0
ISIC_2097704,0
ISIC_2097809,0
ISIC_2098084,0
ISIC_2098109,0
ISIC_2098331,0
ISIC_2098525,0
ISIC_2099525,0
ISIC_2100445,0
ISIC_2100640,0
ISIC_2101624,0
ISIC_2102228,0
ISIC_2102371,0
ISIC_2102551,0
ISIC_2102983,0
ISIC_2104341,0
ISIC_2104487,0
ISIC_2104877,0
ISIC_2105312,0
ISIC_2105563,0
ISIC_2106358,0
ISIC_2106823,0
ISIC_2107578,0
ISIC_2108425,0
ISIC_2108457,0
ISIC_2108787,0
ISIC_2108938,0
ISIC_2109393,0
ISIC_2109549,0
ISIC_2109563,0
ISIC_2109658,0
ISIC_2109766,0
ISIC_2110130,0
ISIC_2110833,0
ISIC_2110862,0
ISIC_2111605,0
ISIC_2111943,0
ISIC_2112213,0
ISIC_2113629,0
ISIC_2113710,0
ISIC_2114564,0
ISIC_2115449,0
ISIC_2115645,0
ISIC_2115921,0
ISIC_2115937,0
ISIC_2117210,0
ISIC_2117372,0
ISIC_2118143,0
ISIC_2118473,0
ISIC_2119201,0
ISIC_2119925,0
ISIC_2120371,0
ISIC_2121292,0
ISIC_2122488,0
ISIC_2122585,0
ISIC_2123159,0
ISIC_2123488,0
ISIC_2124148,0
ISIC_2124213,0
ISIC_2125450,0
ISIC_2126084,0
ISIC_2126176,0
ISIC_2126316,0
ISIC_2126411,0
ISIC_2127185,0
ISIC_2127228,0
ISIC_2127685,0
ISIC_2127820,0
ISIC_2129020,0
ISIC_2129226,0
ISIC_2129292,0
ISIC_2131585,0
ISIC_2131707,0
ISIC_2132139,0
ISIC_2133938,0
ISIC_2134175,0
ISIC_2134267,0
ISIC_2134273,0
ISIC_2134753,0
ISIC_2134824,0
ISIC_2134858,0
ISIC_2136193,0
ISIC_2136533,0
ISIC_2137041,0
ISIC_2138559,0
ISIC_2139102,0
ISIC_2139752,0
ISIC_2140115,0
ISIC_2140374,0
ISIC_2141003,0
ISIC_2141054,0
ISIC_2141237,0
ISIC_2141486,0
ISIC_2141786,0
ISIC_2142072,0
ISIC_2142115,0
ISIC_2142232,0
ISIC_2142365,0
ISIC_2142639,0
ISIC_2142673,0
ISIC_2142686,0
ISIC_2143002,0
ISIC_2143557,0
ISIC_2143789,0
ISIC_2144220,0
ISIC_2144644,0
ISIC_2145028,0
ISIC_2145730,0
ISIC_2146087,0
ISIC_2146171,0
ISIC_2146346,0
ISIC_2147342,0
ISIC_2147395,0
ISIC_2147549,0
ISIC_2148350,0
ISIC_2148360,0
ISIC_2149030,0
ISIC_2149531,0
ISIC_2149858,0
ISIC_2150010,0
ISIC_2150031,0
ISIC_2150997,0
ISIC_2151178,0
ISIC_2151459,0
ISIC_2151846,0
ISIC_2151856,0
ISIC_2152051,0
ISIC_2152755,0
ISIC_2152875,0
ISIC_2153201,0
ISIC_2153301,0
ISIC_2153686,0
ISIC_2153879,0
ISIC_2154237,0
ISIC_2155496,0
ISIC_2156021,0
ISIC_2156526,0
ISIC_2157103,0
ISIC_2157354,0
ISIC_2158377,0
ISIC_2158871,0
ISIC_2158873,0
ISIC_2159379,0
ISIC_2159510,0
ISIC_2159788,0
ISIC_2159914,0
ISIC_2160913,0
ISIC_2161202,0
ISIC_2161444,0
ISIC_2161819,0
ISIC_2161930,0
ISIC_2161978,0
ISIC_2162118,0
ISIC_2162458,0
ISIC_2162542,0
ISIC_2162728,0
ISIC_2163567,0
ISIC_2163675,0
ISIC_2163734,0
ISIC_2164802,0
ISIC_2164811,0
ISIC_2164836,0
ISIC_2165360,0
ISIC_2166661,0
ISIC_2166801,0
ISIC_2166957,0
ISIC_2167209,0
ISIC_2167621,0
ISIC_2168953,0
ISIC_2169275,0
ISIC_2169311,0
ISIC_2170086,0
ISIC_2170531,0
ISIC_2171314,0
ISIC_2171616,0
ISIC_2171940,0
ISIC_2172172,0
ISIC_2172329,0
ISIC_2172532,0
ISIC_2172628,0
ISIC_2172806,0
ISIC_2174204,0
ISIC_2174347,0
ISIC_2174927,0
ISIC_2175855,0
ISIC_2175934,0
ISIC_2176462,0
ISIC_2177748,0
ISIC_2177865,0
ISIC_2178032,0
ISIC_2178583,0
ISIC_2179001,0
ISIC_2181095,0
ISIC_2182674,0
ISIC_2182839,0
ISIC_2183120,0
ISIC_2183559,0
ISIC_2183687,0
ISIC_2184133,0
ISIC_2184229,0
ISIC_2185761,0
ISIC_2185831,0
ISIC_2186123,0
ISIC_2186382,0
ISIC_2186488,0
ISIC_2186496,0
ISIC_2186828,0
ISIC_2186853,0
ISIC_2186901,0
ISIC_2188423,0
ISIC_2188465,0
ISIC_2188566,0
ISIC_2190217,0
ISIC_2190816,0
ISIC_2192666,0
ISIC_2193761,0
ISIC_2194141,0
ISIC_2194936,0
ISIC_2194968,0
ISIC_2195070,0
ISIC_2195125,0
ISIC_2195832,0
ISIC_2196127,0
ISIC_2196147,0
ISIC_2196918,0
ISIC_2197398,0
ISIC_2198244,0
ISIC_2198278,0
ISIC_2199280,0
ISIC_2199969,0
ISIC_2200426,0
ISIC_2202486,0
ISIC_2203163,0
ISIC_2203247,0
ISIC_2204393,0
ISIC_2205007,0
ISIC_2205780,0
ISIC_2207683,0
ISIC_2207693,0
ISIC_2208006,0
ISIC_2208205,0
ISIC_2209697,0
ISIC_2210513,0
ISIC_2211136,0
ISIC_2211192,0
ISIC_2211403,0
ISIC_2212100,0
ISIC_2212352,0
ISIC_2212676,0
ISIC_2212697,0
ISIC_2212933,0
ISIC_2214769,0
ISIC_2215276,0
ISIC_2215371,0
ISIC_2215389,0
ISIC_2215830,0
ISIC_2216518,0
ISIC_2217052,0
ISIC_2217129,0
ISIC_2217230,0
ISIC_2218318,0
ISIC_2219050,0
ISIC_2221212,0
ISIC_2221993,0
ISIC_2222090,0
ISIC_2222264,0
ISIC_2222349,0
ISIC_2222879,0
ISIC_2223165,0
ISIC_2224928,0
ISIC_2225680,0
ISIC_2225927,0
ISIC_2227328,0
ISIC_2228053,0
ISIC_2228262,0
ISIC_2228270,0
ISIC_2228271,0
ISIC_2229764,0
ISIC_2229806,0
ISIC_2229831,0
ISIC_2231191,0
ISIC_2231300,0
ISIC_2231591,0
ISIC_2231787,0
ISIC_2232349,0
ISIC_2232442,0
ISIC_2232546,0
ISIC_2234076,0
ISIC_2234161,0
ISIC_2235566,0
ISIC_2235950,0
ISIC_2236275,0
ISIC_2236668,0
ISIC_2237868,0
ISIC_2238187,0
ISIC_2238376,0
ISIC_2241173,0
ISIC_2242628,0
ISIC_2243372,0
ISIC_2243924,0
ISIC_2244719,0
ISIC_2244742,0
ISIC_2245069,0
ISIC_2245325,0
ISIC_2245695,0
ISIC_2245709,0
ISIC_2246315,0
ISIC_2246839,0
ISIC_2247812,0
ISIC_2248305,0
ISIC_2249623,0
ISIC_2250133,0
ISIC_2250871,0
ISIC_2251844,0
ISIC_2251944,0
ISIC_2252743,0
ISIC_2252930,0
ISIC_2252958,0
ISIC_2253931,0
ISIC_2255411,0
ISIC_2255492,0
ISIC_2256999,0
ISIC_2257833,0
ISIC_2258049,0
ISIC_2258220,0
ISIC_2259190,0
ISIC_2259861,0
ISIC_2259986,0
ISIC_2260164,0
ISIC_2262146,0
ISIC_2262530,0
ISIC_2262805,0
ISIC_2263311,0
ISIC_2263540,0
ISIC_2264633,0
ISIC_2264768,0
ISIC_2264825,0
ISIC_2265410,0
ISIC_2265902,0
ISIC_2266011,0
ISIC_2266290,0
ISIC_2266312,0
ISIC_2266369,0
ISIC_2266857,0
ISIC_2267276,0
ISIC_2269075,0
ISIC_2270496,0
ISIC_2270571,0
ISIC_2272218,0
ISIC_2273343,0
ISIC_2273490,0
ISIC_2273556,0
ISIC_2273860,0
ISIC_2274568,0
ISIC_2274871,0
ISIC_2275597,0
ISIC_2276317,0
ISIC_2276409,0
ISIC_2277599,0
ISIC_2278042,0
ISIC_2278331,0
ISIC_2278564,0
ISIC_2279679,0
ISIC_2279765,0
ISIC_2280076,0
ISIC_2280429,0
ISIC_2281090,0
ISIC_2281909,0
ISIC_2282273,0
ISIC_2282522,0
ISIC_2283063,0
ISIC_2283151,0
ISIC_2283336,0
ISIC_2285264,0
ISIC_2286175,0
ISIC_2286273,0
ISIC_2287083,0
ISIC_2288861,0
ISIC_2288866,0
ISIC_2288919,0
ISIC_2291021,0
ISIC_2291042,0
ISIC_2291364,0
ISIC_2292207,0
ISIC_2293255,0
ISIC_2293310,0
ISIC_2293804,0
ISIC_2293977,0
ISIC_2294745,0
ISIC_2294790,0
ISIC_2295101,0
ISIC_2296151,0
ISIC_2296431,0
ISIC_2297426,0
ISIC_2297485,0
ISIC_2297858,0
ISIC_2297987,0
ISIC_2298329,0
ISIC_2298440,0
ISIC_2299769,0
ISIC_2299862,0
ISIC_2300540,0
ISIC_2300635,0
ISIC_2301029,0
ISIC_2301133,0
ISIC_2301843,0
ISIC_2305416,0
ISIC_2305427,0
ISIC_2305651,0
ISIC_2305905,0
ISIC_2306349,0
ISIC_2307711,0
ISIC_2307965,0
ISIC_2310167,0
ISIC_2311125,0
ISIC_2311709,0
ISIC_2315118,0
ISIC_2315448,0
ISIC_2315560,0
ISIC_2315825,0
ISIC_2316159,0
ISIC_2317042,0
ISIC_2317322,0
ISIC_2317328,0
ISIC_2317454,0
ISIC_2318640,0
ISIC_2318657,0
ISIC_2318850,0
ISIC_2319387,0
ISIC_2319929,0
ISIC_2320481,0
ISIC_2320823,0
ISIC_2321092,0
ISIC_2321671,0
ISIC_2321699,0
ISIC_2321940,0
ISIC_2322693,0
ISIC_2323049,0
ISIC_2324840,0
ISIC_2325035,0
ISIC_2325146,0
ISIC_2325383,0
ISIC_2325607,0
ISIC_2325886,0
ISIC_2326984,0
ISIC_2327393,0
ISIC_2327625,0
ISIC_2327808,0
ISIC_2328690,0
ISIC_2328829,0
ISIC_2331415,0
ISIC_2331656,0
ISIC_2332127,0
ISIC_2332858,0
ISIC_2333274,0
ISIC_2333883,0
ISIC_2334224,0
ISIC_2334275,0
ISIC_2334434,0
ISIC_2335533,0
ISIC_2336763,0
ISIC_2338297,0
ISIC_2338392,0
ISIC_2338485,0
ISIC_2339123,0
ISIC_2339423,0
ISIC_2339849,0
ISIC_2340119,0
ISIC_2340287,0
ISIC_2340635,0
ISIC_2341100,0
ISIC_2342769,0
ISIC_2342989,0
ISIC_2343061,0
ISIC_2343195,0
ISIC_2344766,0
ISIC_2346775,0
ISIC_2347774,0
ISIC_2349743,0
ISIC_2351018,0
ISIC_2351242,0
ISIC_2352598,0
ISIC_2353030,0
ISIC_2354133,0
ISIC_2354258,0
ISIC_2355218,0
ISIC_2355374,0
ISIC_2355513,0
ISIC_2355662,0
ISIC_2355832,0
ISIC_2356091,0
ISIC_2356539,0
ISIC_2356841,0
ISIC_2357010,0
ISIC_2357022,0
ISIC_2357307,0
ISIC_2357876,0
ISIC_2358170,0
ISIC_2359366,0
ISIC_2359654,0
ISIC_2359709,0
ISIC_2360135,0
ISIC_2360519,0
ISIC_2361997,0
ISIC_2362404,0
ISIC_2362696,0
ISIC_2363927,0
ISIC_2365225,0
ISIC_2365285,0
ISIC_2365745,0
ISIC_2366287,0
ISIC_2366625,0
ISIC_2366681,0
ISIC_2366727,0
ISIC_2367392,0
ISIC_2368518,0
ISIC_2369713,0
ISIC_2370260,0
ISIC_2370610,0
ISIC_2371033,0
ISIC_2371495,0
ISIC_2372032,0
ISIC_2372468,0
ISIC_2373071,0
ISIC_2373200,0
ISIC_2373398,0
ISIC_2373760,0
ISIC_2374243,0
ISIC_2374434,0
ISIC_2374436,0
ISIC_2374777,0
ISIC_2375107,0
ISIC_2375586,0
ISIC_2376016,0
ISIC_2376758,0
ISIC_2377292,0
ISIC_2377804,0
ISIC_2378428,0
ISIC_2378495,0
ISIC_2379024,0
ISIC_2379379,0
ISIC_2379778,0
ISIC_2379908,0
ISIC_2380432,0
ISIC_2380895,0
ISIC_2380958,0
ISIC_2381283,0
ISIC_2381535,0
ISIC_2382045,0
ISIC_2382078,0
ISIC_2382323,0
ISIC_2383571,0
ISIC_2384107,0
ISIC_2384274,0
ISIC_2384341,0
ISIC_2385847,0
ISIC_2386668,0
ISIC_2387403,0
ISIC_2387634,0
ISIC_2388001,0
ISIC_2388532,0
ISIC_2389269,0
ISIC_2389688,0
ISIC_2389900,0
ISIC_2390283,0
ISIC_2390695,0
ISIC_2391053,0
ISIC_2391542,0
ISIC_2391627,0
ISIC_2392559,0
ISIC_2393348,0
ISIC_2393984,0
ISIC_2394181,0
ISIC_2394445,0
ISIC_2394780,0
ISIC_2395859,0
ISIC_2396791,0
ISIC_2397307,0
ISIC_2397373,0
ISIC_2398801,0
ISIC_2399130,0
ISIC_2399613,0
ISIC_2399770,0
ISIC_2399943,0
ISIC_2400766,0
ISIC_2401326,0
ISIC_2401705,0
ISIC_2402717,0
ISIC_2404635,0
ISIC_2404691,0
ISIC_2404804,0
ISIC_2404995,0
ISIC_2405237,0
ISIC_2406262,0
ISIC_2406848,0
ISIC_2407121,0
ISIC_2407132,0
ISIC_2407971,0
ISIC_2408442,0
ISIC_2410133,0
ISIC_2410240,0
ISIC_2410520,0
ISIC_2410574,0
ISIC_2412426,0
ISIC_2412805,0
ISIC_2413554,0
ISIC_2413722,0
ISIC_2414199,0
ISIC_2414250,0
ISIC_2414373,0
ISIC_2414689,0
ISIC_2415206,0
ISIC_2415803,0
ISIC_2416792,0
ISIC_2417311,0
ISIC_2417638,0
ISIC_2417958,0
ISIC_2418389,0
ISIC_2418419,0
ISIC_2418848,0
ISIC_2418954,0
ISIC_2419615,0
ISIC_2421486,0
ISIC_2421696,0
ISIC_2423162,0
ISIC_2423735,0
ISIC_2424673,0
ISIC_2424791,0
ISIC_2426937,0
ISIC_2428478,0
ISIC_2428698,0
ISIC_2429070,0
ISIC_2429824,0
ISIC_2430489,0
ISIC_2430937,0
ISIC_2432058,0
ISIC_2432466,0
ISIC_2434382,0
ISIC_2434965,0
ISIC_2435789,0
ISIC_2436616,0
ISIC_2437106,0
ISIC_2437633,0
ISIC_2438067,0
ISIC_2438917,0
ISIC_2439485,0
ISIC_2440165,0
ISIC_2440281,0
ISIC_2440407,0
ISIC_2440802,0
ISIC_2441954,0
ISIC_2443065,0
ISIC_2444940,0
ISIC_2445235,0
ISIC_2445475,0
ISIC_2445710,0
ISIC_2445765,0
ISIC_2445910,0
ISIC_2446492,0
ISIC_2447578,0
ISIC_2448123,0
ISIC_2448210,0
ISIC_2448750,0
ISIC_2449103,0
ISIC_2449313,0
ISIC_2450135,0
ISIC_2450583,0
ISIC_2450785,0
ISIC_2450853,0
ISIC_2450957,0
ISIC_2450970,0
ISIC_2451070,0
ISIC_2452140,0
ISIC_2452729,0
ISIC_2452910,0
ISIC_2453557,0
ISIC_2454446,0
ISIC_2454898,0
ISIC_2455081,0
ISIC_2457024,0
ISIC_2457132,0
ISIC_2457369,0
ISIC_2457446,0
ISIC_2457859,0
ISIC_2458253,0
ISIC_2460105,0
ISIC_2461027,0
ISIC_2461360,0
ISIC_2461602,0
ISIC_2461731,0
ISIC_2461930,0
ISIC_2462231,0
ISIC_2463014,0
ISIC_2465244,0
ISIC_2465834,0
ISIC_2466892,0
ISIC_2467082,0
ISIC_2467125,0
ISIC_2467153,0
ISIC_2468174,0
ISIC_2468509,0
ISIC_2468540,0
ISIC_2468572,0
ISIC_2470542,0
ISIC_2470790,0
ISIC_2470795,0
ISIC_2471483,0
ISIC_2472214,0
ISIC_2472336,0
ISIC_2472529,0
ISIC_2474453,0
ISIC_2476418,0
ISIC_2476422,0
ISIC_2476624,0
ISIC_2476876,0
ISIC_2477888,0
ISIC_2479134,0
ISIC_2479269,0
ISIC_2479346,0
ISIC_2479512,0
ISIC_2479876,0
ISIC_2480178,0
ISIC_2481044,0
ISIC_2481408,0
ISIC_2482016,0
ISIC_2482061,0
ISIC_2482653,0
ISIC_2482667,0
ISIC_2482687,0
ISIC_2483334,0
ISIC_2483825,0
ISIC_2484560,0
ISIC_2484586,0
ISIC_2484625,0
ISIC_2486088,0
ISIC_2486598,0
ISIC_2486651,0
ISIC_2487061,0
ISIC_2487188,0
ISIC_2487524,0
ISIC_2487678,0
ISIC_2487716,0
ISIC_2488899,0
ISIC_2489146,0
ISIC_2489471,0
ISIC_2489504,0
ISIC_2489834,0
ISIC_2490481,0
ISIC_2491020,0
ISIC_2491124,0
ISIC_2491594,0
